,Temp,Date,Lat,Long,Margalefidinium polykrikoides (Cells/L),MaxWSpd,WSpd,TotPrcp
0,44.89125,2015-12-28,,,,12.3,3.5944444444444446,0.0
1,40.284821428571426,2016-01-04,,,,16.8,4.516815476190477,4.6
2,40.42169642857143,2016-01-11,,,,16.8,3.993154761904762,2.3
3,35.927540983606555,2016-01-18,,,,20.4,6.086755952380953,0.3
4,38.23973214285714,2016-01-25,,,,12.4,2.9811011904761906,0.3
5,40.528035714285714,2016-02-01,,,,17.2,3.440327380952381,6.1
6,36.03660714285714,2016-02-08,,,,21.8,5.029910714285714,1.3
7,35.738214285714285,2016-02-15,,,,19.2,3.6519345238095235,4.1
8,39.56669642857143,2016-02-22,,,,19.4,4.8532738095238095,7.8999999999999995
9,40.19549925484352,2016-02-29,,,,16.3,4.436011904761905,1.0
10,42.84125,2016-03-07,,,,13.4,3.088690476190476,0.5
11,44.87723214285714,2016-03-14,,,,15.2,4.988839285714286,4.3
12,44.36688524590164,2016-03-21,,,,12.7,4.434226190476191,1.8
13,46.04883928571429,2016-03-28,,,,18.5,4.502827380952381,4.9
14,44.027321428571426,2016-04-04,,,,14.7,4.732142857142857,5.2
15,47.05383928571429,2016-04-11,,,,16.4,5.0894345238095235,0.8
16,50.18133928571429,2016-04-18,,,,13.7,3.620982142857143,0.3
17,51.92857142857143,2016-04-25,,,,11.8,2.999107142857143,2.6
18,51.4426825633383,2016-05-02,,,,18.1,5.446875,6.6000000000000005
19,53.50919642857143,2016-05-09,,,,13.9,3.1614583333333335,1.0
20,56.54169895678093,2016-05-16,,,,15.0,3.1723214285714287,0.0
21,60.73303571428571,2016-05-23,,,,11.6,2.7441964285714286,2.3
22,65.39026785714286,2016-05-30,,,,10.1,2.511011904761905,11.8
23,64.68714285714286,2016-06-06,,,,13.9,3.238988095238095,6.6
24,65.60044709388971,2016-06-13,,,,11.5,2.5904761904761906,0.0
25,68.38253353204173,2016-06-20,,,,11.2,2.2257440476190475,12.7
26,69.91830104321907,2016-06-27,,,,11.3,2.6653273809523808,4.8
27,72.11080357142858,2016-07-04,,,,11.4,2.9995535714285717,4.6
28,71.85473214285715,2016-07-11,,,,13.3,2.251190476190476,8.399999999999999
29,74.50892857142857,2016-07-18,,,,17.8,2.8163690476190473,9.2
30,76.19214285714287,2016-07-25,,,,9.2,2.29375,2.0
31,75.1678092399404,2016-08-01,,,,8.8,2.8953869047619047,3.8
32,76.33678571428572,2016-08-08,,,,14.0,2.459077380952381,13.399999999999999
33,77.68405365126677,2016-08-15,,,,10.9,2.3441964285714283,0.0
34,75.80760059612518,2016-08-22,,,,10.9,2.5726190476190474,7.1
35,75.00741071428573,2016-08-29,41.3623,-71.6517,5500000.0,12.8,3.365029761904762,1.8
36,75.00741071428573,2016-08-29,41.7179585,-71.356099,390000.0,12.8,3.365029761904762,1.8
37,75.00741071428573,2016-08-29,41.672678,-71.307543,1040000.0,12.8,3.365029761904762,1.8
38,75.00741071428573,2016-08-29,41.5722,-71.3944,64000.0,12.8,3.365029761904762,1.8
39,71.19044642857142,2016-09-05,41.63954,-71.25831,5100000.0,21.5,4.52934131736527,2.4000000000000004
40,71.19044642857142,2016-09-05,41.64967,-71.255953,4470000.0,21.5,4.52934131736527,2.4000000000000004
41,71.19044642857142,2016-09-05,41.689271,-71.242775,1600000.0,21.5,4.52934131736527,2.4000000000000004
42,71.19044642857142,2016-09-05,41.689786,-71.203938,166000.0,21.5,4.52934131736527,2.4000000000000004
43,71.19044642857142,2016-09-05,41.70923,-71.25105,111000.0,21.5,4.52934131736527,2.4000000000000004
44,71.19044642857142,2016-09-05,41.708279,-71.247854,300000.0,21.5,4.52934131736527,2.4000000000000004
45,71.19044642857142,2016-09-05,41.5722,-71.3944,34000.0,21.5,4.52934131736527,2.4000000000000004
46,71.53722801788376,2016-09-12,41.67922,-71.43732,111000.0,13.7,2.696875,1.0
47,71.53722801788376,2016-09-12,41.71474,-71.31858,44300.0,13.7,2.696875,1.0
48,71.53722801788376,2016-09-12,41.727878,-71.286486,18000.0,13.7,2.696875,1.0
49,71.53722801788376,2016-09-12,41.5722,-71.3944,40000.0,13.7,2.696875,1.0
50,71.75883928571429,2016-09-19,41.6669,-71.2852,2300000.0,11.2,2.299107142857143,5.4
51,71.75883928571429,2016-09-19,41.7031,-71.3333,28000.0,11.2,2.299107142857143,5.4
52,71.75883928571429,2016-09-19,41.6238,-71.2905,1107.0,11.2,2.299107142857143,5.4
53,71.75883928571429,2016-09-19,41.6196,-71.2108,6100.0,11.2,2.299107142857143,5.4
54,71.75883928571429,2016-09-19,41.5722,-71.3944,22000.0,11.2,2.299107142857143,5.4
55,65.455625,2016-09-26,41.5722,-71.3944,2000.0,14.6,5.713541666666667,11.7
56,64.28572280178838,2016-10-03,,,,17.9,3.3270833333333334,2.3
57,60.607946428571424,2016-10-10,,,,15.3,2.7882706766917296,0.0
58,62.66830357142857,2016-10-17,,,,17.1,3.0150297619047617,13.7
59,55.878660714285715,2016-10-24,,,,14.3,3.8110119047619047,4.1
60,55.21598214285714,2016-10-31,,,,15.1,3.1229166666666663,0.5
61,52.90705357142857,2016-11-07,,,,12.1,2.9387499999999998,0.0
62,51.76298062593145,2016-11-14,,,,,,0.0
63,46.42089285714286,2016-11-21,,,,12.2,4.479411764705882,0.0
64,47.06482142857143,2016-11-28,,,,14.8,3.7289893617021272,3.5999999999999996
65,44.20125984251968,2016-12-05,,,,12.8,3.0005952380952383,1.0
66,39.45767981438515,2016-12-12,,,,18.4,3.6666666666666665,4.3
67,38.30482861400894,2016-12-19,,,,11.3,3.113095238095238,1.3
68,40.025,2016-12-26,,,,17.0,4.2631250000000005,3.4000000000000004
69,38.07982142857143,2017-01-02,,,,16.6,3.6367567567567565,0.3
70,37.960625,2017-01-09,,,,16.5,3.3669354838709675,2.9
71,39.06962742175857,2017-01-16,,,,11.2,2.7928571428571427,0.8
72,40.402142857142856,2017-01-23,,,,21.1,6.115327380952381,4.0
73,37.67067064083457,2017-01-30,,,,11.1,2.777155172413793,0.0
74,36.59214285714286,2017-02-06,,,,,,0.0
75,35.49821428571428,2017-02-13,,,,,,0.0
76,39.99848214285714,2017-02-20,,,,14.3,3.2618,0.7
77,40.40696428571429,2017-02-27,,,,19.6,4.518601190476191,2.3
78,37.91482142857143,2017-03-06,,,,17.3,4.472767857142857,0.7
79,36.38857142857143,2017-03-13,,,,23.4,5.521279761904762,2.8
80,38.31875,2017-03-20,,,,15.6,4.052466367713004,0.0
81,40.36008928571428,2017-03-27,,,,19.5,4.651636904761905,4.2
82,42.839107142857145,2017-04-03,,,,13.2,4.157886904761905,5.3
83,47.26383928571428,2017-04-10,,,,13.0,3.1081845238095234,0.2
84,51.43919642857143,2017-04-17,,,,11.4,4.146428571428571,2.5
85,50.492179104477614,2017-04-24,,,,13.0,3.1636904761904763,6.2
86,53.58953800298063,2017-05-01,,,,15.4,3.4575892857142856,10.6
87,54.33098214285714,2017-05-08,,,,15.5,3.702416918429003,3.2
88,57.1925,2017-05-15,,,,13.6,3.1805059523809525,0.3
89,59.11892857142857,2017-05-22,,,,11.5,2.815625,13.700000000000001
90,59.38839285714286,2017-05-29,,,,9.4,2.570982142857143,5.9
91,60.505186289120715,2017-06-05,,,,16.3,3.7096726190476192,5.3999999999999995
92,66.55223214285715,2017-06-12,,,,10.4,2.4005952380952382,5.9
93,68.26262295081968,2017-06-19,,,,11.7,2.9336309523809527,10.299999999999999
94,69.2032142857143,2017-06-26,,,,9.8,2.8160714285714286,1.2000000000000002
95,72.63573770491803,2017-07-03,,,,12.7,2.427710843373494,3.5
96,71.56488524590165,2017-07-10,,,,12.5,2.4373511904761904,8.6
97,73.79830357142858,2017-07-17,,,,12.2,2.2101190476190475,0.0
98,69.61732142857143,2017-07-24,,,,14.6,4.088690476190476,5.3999999999999995
99,71.34681614349776,2017-07-31,41.66359,-71.24159,450.0,8.1,2.0225308641975306,1.2
100,71.34681614349776,2017-07-31,41.5997,-71.22851,1600.0,8.1,2.0225308641975306,1.2
101,71.34681614349776,2017-07-31,41.67497,-71.40492,500.0,8.1,2.0225308641975306,1.2
102,71.34681614349776,2017-07-31,41.67922,-71.43732,14400.0,8.1,2.0225308641975306,1.2
103,71.34681614349776,2017-07-31,41.3964,-71.51151,350.0,8.1,2.0225308641975306,1.2
104,71.34681614349776,2017-07-31,41.38208,-71.53254,800.0,8.1,2.0225308641975306,1.2
105,71.34681614349776,2017-07-31,41.689022,-71.444691,3080000.0,8.1,2.0225308641975306,1.2
106,71.67886736214605,2017-08-07,,,,,,2.6
107,72.51848214285715,2017-08-14,,,,,,7.4
108,73.03410714285714,2017-08-21,41.571,-71.3119,50.0,,,0.0
109,69.7525892857143,2017-08-28,41.5722,-71.3944,10000.0,13.3,3.392993630573249,2.5
110,68.41839285714286,2017-09-04,,,,10.7,2.828358208955224,10.700000000000001
111,69.38795827123695,2017-09-11,,,,7.9,1.5811011904761905,0.7
112,68.45910714285714,2017-09-18,,,,24.0,7.582886904761905,2.0
113,68.24723214285714,2017-09-25,,,,14.6,2.414732142857143,6.800000000000001
114,66.17746646795827,2017-10-02,,,,9.7,2.315029761904762,2.2
115,66.0344642857143,2017-10-09,,,,14.7,3.2709821428571426,1.8
116,62.62276785714286,2017-10-16,,,,13.5,2.7455357142857144,0.0
117,63.230267857142856,2017-10-23,,,,20.5,3.154315476190476,13.9
118,60.16771982116244,2017-10-30,,,,18.5,3.5651785714285715,8.1
119,55.03892857142857,2017-11-06,,,,13.7,4.130357142857143,1.4
120,49.446875000000006,2017-11-13,,,,15.8,4.431696428571429,4.699999999999999
121,48.184464285714284,2017-11-20,,,,15.3,3.3879464285714285,4.3
122,47.271833084947836,2017-11-27,,,,12.3,3.1255952380952383,0.5
123,47.205982142857145,2017-12-04,,,,14.0,3.3760416666666666,4.5
124,42.012767857142855,2017-12-11,,,,16.8,3.4252976190476194,1.0
125,39.84446428571429,2017-12-18,,,,13.0,3.339732142857143,1.8
126,36.158482142857146,2017-12-25,,,,15.1,3.819345238095238,1.1
127,30.380267857142858,2018-01-01,,,,21.4,5.1831845238095235,0.9
128,31.664910714285714,2018-01-08,,,,14.0,4.248363095238095,7.5
129,33.35482142857143,2018-01-15,,,,13.4,3.3989583333333333,0.3
130,36.03821428571428,2018-01-22,,,,13.7,3.2433035714285716,5.5
131,36.127410714285716,2018-01-29,,,,16.3,4.639583333333333,2.2
132,35.32142857142857,2018-02-05,,,,13.5,2.706547619047619,5.5
133,37.84544642857143,2018-02-12,,,,13.4,2.8635416666666664,4.5
134,40.78705357142857,2018-02-19,,,,11.0,3.476636904761905,2.6999999999999997
135,41.075,2018-02-26,,,,28.9,6.798214285714285,2.1
136,39.113482142857144,2018-03-05,,,,19.0,5.465625,2.1
137,38.93883928571429,2018-03-12,,,,22.5,5.736309523809524,1.6
138,38.714107142857145,2018-03-19,,,,18.2,5.144196428571429,0.30000000000000004
139,41.207093889716845,2018-03-26,,,,13.4,3.8150297619047615,0.39999999999999997
140,42.364464285714284,2018-04-02,,,,15.7,3.7590773809523808,2.2
141,43.73348214285714,2018-04-09,,,,15.6,4.121875,0.3
142,44.901875,2018-04-16,,,,16.4,3.8062500000000004,4.0
143,48.75046199701937,2018-04-23,,,,12.4,2.4836309523809526,8.9
144,52.654196428571424,2018-04-30,,,,12.4,3.1605654761904765,0.7999999999999999
145,57.01651785714286,2018-05-07,,,,9.6,2.4604166666666667,0.6
146,55.88017883755589,2018-05-14,,,,14.3,2.971577380952381,5.300000000000001
147,58.746607142857144,2018-05-21,,,,11.4,3.0685157421289357,2.8
148,62.67767857142857,2018-05-28,,,,10.5,2.6714285714285717,0.7
149,62.8025,2018-06-04,,,,11.5,2.8720238095238093,8.2
150,63.858925373134326,2018-06-11,,,,10.8,2.4989583333333334,0.0
151,67.70518628912072,2018-06-18,,,,9.1,2.518452380952381,1.4
152,68.92758928571428,2018-06-25,,,,11.1,2.2489583333333334,2.3
153,72.85973214285714,2018-07-02,,,,13.5,2.5889880952380953,1.4
154,72.98366616989568,2018-07-09,,,,10.6,2.3827380952380954,0.1
155,74.58032786885246,2018-07-16,,,,12.0,2.525297619047619,5.8
156,76.94723214285715,2018-07-23,,,,11.8,2.5811011904761907,1.3
157,77.11276785714286,2018-07-30,41.67922,-71.43732,2816000.0,12.7,2.4236607142857145,10.1
158,77.11276785714286,2018-07-30,41.5829,-71.3173,8103000.0,12.7,2.4236607142857145,10.1
159,78.69886736214605,2018-08-06,41.67922,-71.43732,990000.0,8.4,2.2154761904761906,4.0
160,76.86580357142857,2018-08-13,41.5722,-71.3944,82000.0,12.7,3.0282738095238093,8.6
161,74.00616071428571,2018-08-20,41.5722,-71.3944,344000.0,10.9,2.736607142857143,2.6
162,75.64357142857143,2018-08-27,41.4418,-71.4349,6000.0,10.2,2.5632440476190474,0.0
163,75.64357142857143,2018-08-27,41.44939,-71.37615,50200.0,10.2,2.5632440476190474,0.0
164,75.64357142857143,2018-08-27,41.67159,-71.36161,1400.0,10.2,2.5632440476190474,0.0
165,75.64357142857143,2018-08-27,41.67922,-71.43732,900.0,10.2,2.5632440476190474,0.0
166,75.64357142857143,2018-08-27,41.67497,-71.40492,7200.0,10.2,2.5632440476190474,0.0
167,75.64357142857143,2018-08-27,41.67159,-71.36161,638000.0,10.2,2.5632440476190474,0.0
168,75.64357142857143,2018-08-27,41.5722,-71.3944,10000.0,10.2,2.5632440476190474,0.0
169,74.40193740685544,2018-09-03,41.5722,-71.3944,3000.0,10.7,3.2553571428571426,4.6
170,70.37776785714286,2018-09-10,41.5722,-71.3944,3000.0,11.8,2.4717261904761907,5.0
171,70.22589285714287,2018-09-17,,,,11.1,3.3355654761904763,0.7000000000000001
172,66.69339285714287,2018-09-24,,,,13.5,3.7313988095238093,0.8
173,66.50535714285715,2018-10-01,,,,12.2,2.8691964285714286,0.7000000000000001
174,65.56423248882265,2018-10-08,,,,14.4,2.8553571428571427,8.7
175,60.45180327868853,2018-10-15,,,,14.2,3.8517857142857146,0.9
176,54.417500000000004,2018-10-22,,,,16.7,3.4261261261261264,2.6
177,54.61035714285715,2018-10-29,,,,15.7,2.9260416666666664,5.199999999999999
178,53.56169642857143,2018-11-05,,,,14.1,3.816517857142857,7.9
179,48.31705357142857,2018-11-12,,,,17.1,3.7708333333333335,6.4
180,45.89830357142857,2018-11-19,,,,17.2,3.7989583333333337,3.5999999999999996
181,44.75991071428571,2018-11-26,,,,14.9,3.3273809523809526,4.4
182,44.25741071428571,2018-12-03,,,,10.8,3.4941964285714286,0.1
183,40.803636363636365,2018-12-10,,,,13.8,3.6166666666666667,1.5
184,43.105892857142855,2018-12-17,,,,19.1,3.9690476190476187,2.0
185,42.658303571428576,2018-12-24,,,,12.2,2.8473214285714286,1.8
186,42.636875,2018-12-31,,,,14.7,3.45625,5.2
187,38.68196428571429,2019-01-07,,,,16.3,3.9449404761904763,1.0
188,37.98405970149254,2019-01-14,,,,14.9,3.666815476190476,4.8
189,36.85330357142857,2019-01-21,,,,16.9,4.108184523809523,9.4
190,35.39964285714286,2019-01-28,,,,17.7,3.832738095238095,0.8
191,36.722053571428575,2019-02-04,,,,16.2,3.535416666666667,1.7000000000000002
192,36.83776785714286,2019-02-11,,,,12.7,3.7181547619047617,4.0
193,37.75758928571429,2019-02-18,,,,13.6,2.887202380952381,3.7
194,36.16464285714286,2019-02-25,,,,19.6,4.070684523809524,1.4
195,36.61169642857143,2019-03-04,,,,12.3,3.4970238095238093,3.0
196,39.43517857142857,2019-03-11,,,,12.4,3.3623511904761907,0.3
197,41.34473214285714,2019-03-18,,,,15.8,3.902232142857143,3.2
198,42.63285714285714,2019-03-25,,,,12.3,3.7327380952380955,0.5
199,44.84857142857143,2019-04-01,,,,15.3,3.5476190476190474,3.4
200,46.894396423248885,2019-04-08,,,,11.9,3.0851190476190475,6.8999999999999995
201,49.332767857142855,2019-04-15,,,,16.0,3.9505952380952385,6.8
202,52.55353204172876,2019-04-22,,,,16.5,3.6751488095238094,8.4
203,52.10241071428571,2019-04-29,,,,9.3,2.5952380952380953,3.4
204,53.76339285714286,2019-05-06,,,,12.3,3.4662202380952385,2.1
205,53.9653651266766,2019-05-13,,,,12.3,3.2778273809523806,2.0
206,58.012946428571425,2019-05-20,,,,13.0,3.573065476190476,5.6
207,60.982142857142854,2019-05-27,,,,9.9,2.2013392857142855,3.8
208,62.05435820895522,2019-06-03,,,,12.8,2.5941964285714283,1.2000000000000002
209,64.02339285714285,2019-06-10,,,,12.3,2.7928571428571427,14.0
210,66.05455357142857,2019-06-17,,,,15.8,2.1319940476190475,9.0
211,68.43125,2019-06-24,,,,11.7,1.8535714285714284,13.4
212,70.74211624441133,2019-07-01,,,,10.5,2.0787202380952383,3.7
213,72.978125,2019-07-08,,,,9.0,1.959375,9.5
214,74.51348214285714,2019-07-15,,,,9.0,2.2089285714285714,5.1
215,74.52901785714286,2019-07-22,,,,13.9,2.3148809523809524,19.9
216,75.54526785714286,2019-07-29,,,,8.4,1.9041666666666666,0.0
217,74.85526785714285,2019-08-05,,,,11.8,2.4541666666666666,4.7
218,74.06393442622951,2019-08-12,,,,9.3,2.0872023809523808,1.1
219,74.58005961251862,2019-08-19,,,,12.3,2.9598214285714284,4.1
220,70.88967741935484,2019-08-26,,,,10.3,2.302827380952381,5.3
221,,2019-09-02,,,,15.9,3.0745535714285714,0.7
222,68.46662857142857,2019-09-09,41.671215,-71.425735,7240000.0,11.3,2.840029761904762,4.4
223,68.46662857142857,2019-09-09,41.689463,-71.364701,8536000.0,11.3,2.840029761904762,4.4
224,67.58428571428571,2019-09-16,,,,13.0,2.777609682299546,0.0
225,68.55044642857143,2019-09-23,,,,10.1,2.6413690476190474,6.8
226,65.3463392857143,2019-09-30,,,,15.3,3.8333333333333335,2.2
227,61.053133433283364,2019-10-07,,,,18.6,6.994047619047619,3.2
228,58.8921609538003,2019-10-14,,,,21.0,3.1495535714285716,7.6
229,58.22616071428571,2019-10-21,,,,11.1,3.1479166666666667,5.3
230,57.614642857142854,2019-10-28,,,,18.7,3.271577380952381,2.8
231,54.288124999999994,2019-11-04,,,,13.7,2.9308845577211398,3.0
232,48.42828614008942,2019-11-11,,,,15.5,4.146577380952381,0.3
233,46.127053571428576,2019-11-18,,,,15.4,4.180803571428571,5.1
234,45.442410714285714,2019-11-25,,,,14.3,3.863541666666667,3.1
235,41.51696428571429,2019-12-02,,,,18.1,4.482556390977444,0.6000000000000001
236,42.648125,2019-12-09,,,,15.3,3.6541666666666663,3.6
237,39.00953800298063,2019-12-16,,,,16.3,3.5278273809523806,0.1
238,40.05339285714286,2019-12-23,,,,7.9,2.477461139896373,0.4
239,41.504374999999996,2019-12-30,41.49224,-71.41896,219.0,13.6,3.9149031296572283,2.7
240,41.163636363636364,2020-01-06,41.49224,-71.41896,460.0,17.0,3.9092261904761907,0.7
241,40.93571428571428,2020-01-13,41.49224,-71.41896,446.0,18.3,3.2602678571428574,0.9999999999999999
242,37.33464285714285,2020-01-20,41.49224,-71.41896,440.0,15.0,3.0677083333333335,1.9000000000000001
243,39.23991071428571,2020-01-27,,,,9.6,2.7342261904761904,0.3
244,39.95165424739195,2020-02-03,,,,23.0,3.3822916666666667,3.5
245,39.825714285714284,2020-02-10,,,,14.0,3.4013392857142852,2.4000000000000004
246,38.791785714285716,2020-02-17,,,,12.9,3.263392857142857,0.5
247,40.33821162444113,2020-02-24,,,,15.2,3.669940476190476,2.2
248,41.54964285714286,2020-03-02,,,,17.7,4.4313988095238095,3.3
249,44.37117734724292,2020-03-09,,,,17.4,3.4072916666666666,0.9
250,45.261875,2020-03-16,,,,13.2,3.5947916666666666,2.5
251,44.901339285714286,2020-03-23,,,,13.8,4.475595238095238,6.2
252,45.186875,2020-03-30,41.49224,-71.41896,209.0,20.3,6.659226190476191,1.2
253,46.71714285714286,2020-04-06,41.49224,-71.41896,309.0,16.7,3.6568452380952383,4.0
254,48.21875,2020-04-13,,,,18.4,4.311607142857143,4.9
255,46.96276785714286,2020-04-20,,,,17.6,4.298958333333333,3.9
256,48.24258928571429,2020-04-27,,,,17.8,4.121577380952381,3.0
257,51.71603576751117,2020-05-04,,,,19.0,3.8541666666666665,3.2
258,52.43455357142857,2020-05-11,,,,12.5,3.167708333333333,2.1
259,56.89598214285714,2020-05-18,,,,15.1,4.1311011904761905,1.8
260,59.638571428571424,2020-05-25,,,,10.8,2.666815476190476,3.6
261,61.821251862891216,2020-06-01,,,,9.4,2.490327380952381,5.7
262,65.43473214285714,2020-06-08,41.49224,-71.41896,225.0,10.3,2.6620535714285714,3.6
263,67.50473214285714,2020-06-15,41.49224,-71.41896,254.0,9.7,2.6424107142857145,0.0
264,71.64848214285715,2020-06-22,,,,10.3,1.9880952380952381,5.0
265,72.68669642857142,2020-06-29,41.49224,-71.41896,255.0,10.0,2.6677083333333336,5.5
266,73.72062500000001,2020-07-06,41.49224,-71.41896,230.0,11.1,2.6032738095238095,0.2
267,75.76276785714286,2020-07-13,,,,9.3,2.3633928571428573,9.0
268,76.06544642857142,2020-07-20,,,,9.4,2.1629464285714284,1.4000000000000001
269,77.24241071428571,2020-07-27,,,,9.4,1.9697916666666668,0.2
270,77.09642857142856,2020-08-03,,,,17.1,2.553720238095238,5.3
271,77.69910714285714,2020-08-10,,,,13.1,3.4446428571428576,2.6
272,73.20427710843373,2020-08-17,41.5829,-71.3173,1290000.0,11.4,2.362797619047619,2.5
273,73.20427710843373,2020-08-17,41.564204,-71.332572,4010000.0,11.4,2.362797619047619,2.5
274,73.20427710843373,2020-08-17,41.5389,-71.3535,760000.0,11.4,2.362797619047619,2.5
275,73.20427710843373,2020-08-17,41.6556,-71.2191,340000.0,11.4,2.362797619047619,2.5
276,73.20427710843373,2020-08-17,41.5722,-71.3944,79000.0,11.4,2.362797619047619,2.5
277,73.20427710843373,2020-08-17,41.49224,-71.41896,4056.0,11.4,2.362797619047619,2.5
278,73.47901785714285,2020-08-24,41.32839,-71.76269,200.0,10.5,2.4005952380952382,0.9
279,73.47901785714285,2020-08-24,41.38321,-71.51749,150.0,10.5,2.4005952380952382,0.9
280,73.47901785714285,2020-08-24,41.5722,-71.3944,43000.0,10.5,2.4005952380952382,0.9
281,73.47901785714285,2020-08-24,41.49224,-71.41896,129863.0,10.5,2.4005952380952382,0.9
282,72.53160714285715,2020-08-31,41.689688,-71.44587,330000.0,8.4,1.9296130952380952,0.5
283,72.53160714285715,2020-08-31,41.7178,-71.3553,5040000.0,8.4,1.9296130952380952,0.5
284,72.53160714285715,2020-08-31,41.49224,-71.41896,22637.0,8.4,1.9296130952380952,0.5
285,72.53160714285715,2020-08-31,41.5722,-71.3944,21000.0,8.4,1.9296130952380952,0.5
286,72.33339285714285,2020-09-07,41.513713,-71.363109,48000.0,12.1,2.2052083333333337,0.6000000000000001
287,72.33339285714285,2020-09-07,41.49224,-71.41896,1803.0,12.1,2.2052083333333337,0.6000000000000001
288,72.33339285714285,2020-09-07,41.5722,-71.3944,156000.0,12.1,2.2052083333333337,0.6000000000000001
289,67.92794642857143,2020-09-14,41.49224,-71.41896,752.0,13.8,4.369196428571429,0.1
290,62.934821428571425,2020-09-21,41.49224,-71.41896,429.0,12.1,2.5415178571428574,0.0
291,66.29830357142858,2020-09-28,41.49224,-71.41896,225.0,16.1,2.5447916666666663,0.6
292,63.93392857142857,2020-10-05,41.49224,-71.41896,260.0,18.5,3.824441132637854,1.6
293,61.145449101796416,2020-10-12,41.49224,-71.41896,549.0,12.9,3.4461654135338344,10.399999999999999
294,61.416607142857146,2020-10-19,41.49224,-71.41896,251.0,11.6,2.015625,4.199999999999999
295,56.33696428571429,2020-10-26,41.49224,-71.41896,235.0,16.8,3.5111607142857144,8.0
296,52.309464285714284,2020-11-02,,,,16.6,3.3470238095238094,0.0
297,54.649955290611025,2020-11-09,41.49224,-71.41896,1025.0,18.2,3.1357142857142852,4.2
298,50.636428571428574,2020-11-16,41.49224,-71.41896,237.0,14.1,4.218452380952381,0.2
299,49.190803571428575,2020-11-23,41.49224,-71.41896,228.0,12.9,2.6303571428571426,12.0
300,48.904977645305514,2020-11-30,41.49224,-71.41896,247.0,21.3,5.011755952380953,12.5
301,45.213660714285716,2020-12-07,41.49224,-71.41896,219.0,13.6,2.8224702380952382,1.5
302,40.97883928571429,2020-12-14,41.49224,-71.41896,227.0,19.2,4.325892857142857,1.3
303,42.768125,2020-12-21,41.49224,-71.41896,234.0,16.1,3.479315476190476,5.6
304,42.613839285714285,2020-12-28,41.49224,-71.41896,226.0,14.7,3.651190476190476,1.0
305,41.255267857142854,2021-01-04,41.49224,-71.41896,240.0,11.3,4.151785714285714,0.0
306,41.66964285714286,2021-01-11,41.49224,-71.41896,484.0,15.8,3.3126488095238096,1.9
307,40.50017857142857,2021-01-18,41.49224,-71.41896,261.0,14.3,3.6441964285714286,0.0
308,36.21071428571429,2021-01-25,41.49224,-71.41896,258.0,14.4,3.549107142857143,0.7
309,36.43544642857143,2021-02-01,41.49224,-71.41896,263.0,20.9,4.967410714285714,1.4
310,35.785357142857144,2021-02-08,,,,11.5,3.0805059523809524,0.4
311,36.11803571428572,2021-02-15,41.49224,-71.41896,205.0,12.6,4.029761904761905,2.5
312,38.33776785714286,2021-02-22,41.49224,-71.41896,226.0,15.0,3.3910714285714287,2.5
313,37.09571428571429,2021-03-01,,,,19.2,3.9869047619047615,0.5
314,39.19598214285714,2021-03-08,,,,17.3,3.547767857142857,0.1
315,38.917142857142856,2021-03-15,,,,18.2,3.840029761904762,1.9000000000000001
316,43.529375,2021-03-22,,,,15.9,2.575297619047619,5.3999999999999995
317,45.60982142857143,2021-03-29,41.49224,-71.41896,223.0,17.3,3.4782738095238095,6.4
318,48.18526785714286,2021-04-05,41.49224,-71.41896,215.0,12.5,3.397470238095238,0.2
319,48.728272727272724,2021-04-12,41.49224,-71.41896,209.0,16.1,4.008779761904762,2.0
320,49.21946428571429,2021-04-19,,,,15.7,3.943005952380952,1.1
321,50.23491071428572,2021-04-26,,,,17.3,3.2063988095238094,1.5
322,53.64828614008942,2021-05-03,,,,12.8,3.0427083333333336,7.3
323,54.46116071428571,2021-05-10,,,,14.7,2.349702380952381,2.2
324,59.42267857142857,2021-05-17,,,,13.9,2.2970238095238096,0.0
325,60.607946428571424,2021-05-24,,,,15.8,4.850297619047619,5.300000000000001
326,57.013571428571424,2021-05-31,,,,8.6,2.1107142857142858,2.4
327,,2021-06-07,,,,9.7,2.2398809523809526,0.5
328,66.45901162790697,2021-06-14,,,,9.6,2.1936011904761905,11.1
329,68.61339285714286,2021-06-21,,,,8.2,2.4105654761904765,3.7
330,72.47776785714287,2021-06-28,,,,15.0,2.8802083333333335,8.5
331,70.60758928571428,2021-07-05,,,,11.9,2.3181547619047618,9.7
332,71.58664310954063,2021-07-12,,,,9.5,2.0760416666666663,0.3
333,,2021-07-19,41.49224,-71.41896,939.0,10.2,1.950297619047619,10.9
334,73.02233333333334,2021-07-26,,,,11.2,2.149107142857143,10.299999999999999
335,72.23723214285715,2021-08-02,41.5722,-71.3944,2000.0,8.0,1.9517857142857142,10.6
336,74.36026785714286,2021-08-09,,,,8.7,2.219728915662651,0.5
337,74.40042553191489,2021-08-16,,,,20.7,2.6380090497737556,12.100000000000001
338,77.16143266475643,2021-08-23,41.49224,-71.41896,325.0,10.0,2.0230654761904763,6.0
339,73.26580357142856,2021-08-30,,,,17.9,2.7700892857142856,17.4
340,71.41383928571429,2021-09-06,41.49224,-71.41896,297.0,11.0,2.408482142857143,2.5
341,71.51482142857142,2021-09-13,,,,9.1,2.7370535714285715,6.4
342,71.36669642857143,2021-09-20,,,,10.8,2.091220238095238,4.0
343,68.043125,2021-09-27,,,,11.5,2.6293154761904765,3.9
344,65.980625,2021-10-04,,,,9.8,3.205952380952381,5.6000000000000005
345,66.51339285714286,2021-10-11,,,,10.3,2.4498511904761906,1.5
346,63.777232142857144,2021-10-18,,,,10.3,2.7087797619047618,0.1
347,59.684107142857144,2021-10-25,,,,27.0,5.377380952380952,11.5
348,56.77625,2021-11-01,,,,10.0,2.2616071428571427,0.0
349,55.701071428571424,2021-11-08,,,,17.7,2.6141369047619047,4.5
350,53.20110283159464,2021-11-15,,,,12.3,3.0102678571428574,1.5
351,48.589732142857144,2021-11-22,,,,14.2,3.3697916666666665,0.8999999999999999
352,46.78357142857143,2021-11-29,,,,16.2,2.9178571428571427,0.0
353,46.44660714285715,2021-12-06,,,,17.0,3.691517857142857,4.2
354,45.800535714285715,2021-12-13,,,,14.3,3.936607142857143,0.4
355,42.464642857142856,2021-12-20,,,,12.0,2.9691964285714283,2.3
356,43.579284649776454,2021-12-27,,,,10.2,1.6848214285714287,2.0
357,37.92151785714286,2022-01-03,,,,14.8,4.117708333333333,3.1
358,33.67692771084337,2022-01-10,,,,16.4,3.8507440476190475,0.0
359,,2022-01-17,,,,17.9,4.757291666666667,2.6
360,,2022-01-24,,,,21.0,3.6492559523809525,0.5
361,,2022-01-31,,,,11.8,2.5830357142857143,3.6999999999999997
362,,2022-02-07,,,,12.2,3.025297619047619,3.7
363,,2022-02-14,,,,21.0,4.363988095238095,4.8
364,,2022-02-21,,,,14.0,3.689434523809524,3.1
365,,2022-02-28,,,,11.9,3.2373511904761907,1.4
366,,2022-03-07,,,,17.7,3.5678571428571426,3.4000000000000004
367,,2022-03-14,,,,9.2,2.2294642857142857,4.2
368,,2022-03-21,,,,14.3,3.5093750000000004,2.9
369,44.493125,2022-03-28,,,,13.7,3.8668154761904763,2.8
370,46.47392857142857,2022-04-04,,,,13.9,3.629166666666667,3.8000000000000003
371,50.11820089955023,2022-04-11,,,,12.0,3.3267857142857142,3.5
372,50.70285714285714,2022-04-18,,,,21.5,3.742261904761905,2.5
373,51.896136363636366,2022-04-25,,,,13.9,3.1744047619047615,1.2
374,,2022-05-02,,,,15.7,3.926488095238095,4.2
375,,2022-05-09,41.5722,-71.3944,5000.0,18.8,4.858184523809523,0.30000000000000004
376,,2022-05-16,,,,11.7,2.402827380952381,5.8
377,62.20741379310345,2022-05-23,,,,11.0,2.411309523809524,2.3000000000000003
378,66.18607142857144,2022-05-30,,,,9.1,2.2691964285714286,2.3000000000000003
379,67.07723214285714,2022-06-06,,,,11.2,2.1809523809523808,8.5
380,68.58339285714285,2022-06-13,,,,15.5,2.549702380952381,9.5
381,68.7076602086438,2022-06-20,,,,7.6,1.7468750000000002,0.3
382,71.06401785714286,2022-06-27,,,,8.6,2.125297619047619,7.9
383,73.07455357142857,2022-07-04,,,,9.7,2.301951951951952,0.5
384,73.59848214285714,2022-07-11,,,,10.0,2.1611607142857143,0.6
385,76.06324888226527,2022-07-18,,,,12.0,2.346279761904762,0.3
386,77.14250000000001,2022-07-25,,,,10.3,2.328422619047619,0.8
387,76.67776785714287,2022-08-01,,,,9.2,2.3950892857142856,0.9
388,77.9830357142857,2022-08-08,,,,9.0,2.5580357142857144,7.5
389,74.53204172876303,2022-08-15,41.5722,-71.3944,4000.0,9.9,2.5668154761904765,0.5
390,76.25696428571428,2022-08-22,,,,11.9,1.8938988095238096,8.4
391,75.67839285714285,2022-08-29,,,,10.0,2.2714285714285714,0.6000000000000001
392,72.44535714285715,2022-09-05,,,,9.2,2.8135416666666666,8.200000000000001
393,71.42375558867363,2022-09-12,,,,9.6,2.3836309523809525,3.5
394,68.62008928571429,2022-09-19,,,,13.1,2.6180059523809525,15.2
395,64.99116071428571,2022-09-26,,,,17.2,3.9354166666666663,3.2
396,60.215,2022-10-03,,,,13.2,4.425148809523809,6.3
397,62.086020864381524,2022-10-10,,,,12.3,1.8392857142857142,8.4
398,61.14660714285715,2022-10-17,,,,11.1,2.464136904761905,4.0
399,59.41008928571429,2022-10-24,,,,11.4,2.7636904761904764,9.2
400,59.451071428571424,2022-10-31,,,,11.0,2.0107142857142857,0.8
401,58.66223214285714,2022-11-07,,,,13.6,3.690327380952381,3.9
402,52.1822652757079,2022-11-14,,,,13.1,3.7370535714285715,2.3
403,47.775982142857146,2022-11-21,,,,12.7,3.239434523809524,1.1
404,47.80598214285714,2022-11-28,,,,15.3,3.4026785714285714,6.0
405,45.96741071428571,2022-12-05,,,,12.0,4.156547619047619,2.2
406,41.849642857142854,2022-12-12,,,,13.1,4.680059523809524,1.3
407,41.00364864864865,2022-12-19,,,,20.8,4.188541666666667,7.3
