"DateTime","Alexandrium catenella","Dinophysis acuminata","Dinophysis norvegica","Karenia","Margalefidinium polykrikoides","Pseudo-nitzschia"
"2020-01-05 00:47:58",672,224,0,1120,0,896
"2020-01-05 03:35:09",442,221,0,663,0,884
"2020-01-05 06:47:04",217,0,0,868,217,434
"2020-01-05 09:34:11",0,223,0,445,0,668
"2020-01-05 12:21:23",0,217,0,434,0,867
"2020-01-05 15:08:34",218,0,0,1307,0,871
"2020-01-05 17:55:45",437,218,0,1529,0,655
"2020-01-05 20:42:57",660,0,0,1319,0,660
"2020-01-05 23:30:08",219,219,0,874,219,437
"2020-01-06 02:41:58",0,0,0,878,439,1317
"2020-01-06 05:29:09",650,0,0,1300,217,217
"2020-01-06 08:16:20",0,219,0,439,0,439
"2020-01-06 11:03:32",219,0,0,219,219,219
"2020-01-06 13:50:43",661,0,0,220,0,220
"2020-01-06 16:37:54",894,0,0,2011,0,447
"2020-01-06 19:49:44",435,435,0,1524,435,653
"2020-01-06 22:36:56",437,0,0,873,0,1092
"2020-01-07 01:24:07",221,0,0,1328,221,1107
"2020-01-07 04:11:19",221,0,0,1767,221,663
"2020-01-07 06:58:30",444,0,222,1332,222,1553
"2020-01-07 09:45:42",679,0,0,1584,226,1131
"2020-01-07 12:57:31",431,0,0,863,431,216
"2020-01-07 15:44:43",217,0,0,650,0,650
"2020-01-07 18:31:54",649,0,0,216,0,866
"2020-01-07 21:19:05",437,0,0,1747,0,218
"2020-01-08 00:06:17",431,216,0,216,0,216
"2020-01-08 02:53:28",0,218,0,1306,218,1088
"2020-01-08 06:05:22",216,0,0,863,0,1294
"2020-01-08 08:52:29",0,0,0,872,0,436
"2020-01-08 11:39:41",222,0,0,0,0,888
"2020-01-08 14:26:52",0,0,0,875,0,657
"2020-01-08 17:14:03",652,0,0,869,435,217
"2020-01-08 20:01:15",0,0,0,1308,436,1308
"2020-01-08 22:48:26",0,220,0,439,0,1976
"2020-01-09 02:00:16",220,0,0,1099,0,659
"2020-01-09 04:47:27",223,0,0,1114,223,1114
"2020-01-09 07:34:39",0,0,0,1559,0,1114
"2020-01-09 10:21:50",443,222,0,1329,0,443
"2020-01-09 13:09:02",222,444,0,665,444,887
"2020-01-09 15:56:13",0,0,0,1119,224,1119
"2020-01-09 19:08:03",221,221,0,1103,221,1103
"2020-01-09 21:55:14",447,224,0,1119,0,671
"2020-01-10 00:42:26",217,0,0,434,217,434
"2020-01-10 03:29:37",441,0,0,882,0,661
"2020-01-10 06:16:49",217,217,0,435,435,652
"2020-01-10 09:04:00",217,217,0,869,0,435
"2020-01-10 12:15:50",221,0,0,221,441,1545
"2020-01-10 15:03:02",0,223,0,669,0,893
"2020-01-10 17:50:14",230,230,0,1839,460,690
"2020-01-10 20:37:26",0,696,0,2087,0,696
"2020-01-10 23:24:38",222,0,0,888,222,1111
"2020-01-11 02:11:50",0,224,0,449,0,1346
"2020-01-11 05:23:44",0,421,0,421,211,1474
"2020-01-11 08:10:51",216,1730,216,0,0,433
"2020-01-11 10:58:02",0,858,0,0,215,215
"2020-01-11 13:45:14",0,1703,0,0,213,0
"2020-01-11 16:32:26",423,1905,0,0,0,0
"2020-01-11 19:19:39",0,3005,0,215,0,215
"2020-01-11 22:06:51",213,2342,0,213,213,0
"2020-01-12 01:18:42",213,1919,0,426,0,1066
"2020-01-12 04:05:54",0,842,0,0,0,0
"2020-01-12 06:53:05",439,2196,0,0,0,439
"2020-01-12 09:40:18",0,2363,0,0,215,430
"2020-01-12 12:27:30",215,1507,0,430,0,215
"2020-01-12 15:14:41",433,1082,0,216,0,216
"2020-01-12 18:26:31",0,6608,0,228,456,1367
"2020-01-12 21:13:43",653,2394,0,0,218,435
"2020-01-13 00:00:54",219,1312,0,219,0,1530
"2020-01-13 02:48:06",0,2827,0,652,0,652
"2020-01-13 05:35:17",223,2454,223,446,446,892
"2020-01-13 08:22:29",219,1971,0,438,0,438
"2020-01-13 11:34:19",0,430,0,430,430,861
"2020-01-13 16:15:52",0,224,0,896,0,2016
"2020-01-13 19:43:49",446,0,0,223,0,2232
"2020-01-13 23:11:46",448,0,0,673,224,448
"2020-01-14 02:39:44",658,0,0,658,0,1097
"2020-01-14 06:07:41",221,0,0,442,0,1991
"2020-01-14 09:35:38",440,0,0,660,0,1980
"2020-01-14 13:03:35",221,0,0,662,0,662
"2020-01-14 16:56:10",439,220,0,659,0,2197
"2020-01-14 20:24:08",219,0,0,438,219,657
"2020-01-14 23:52:05",221,0,0,442,221,1326
"2020-01-15 03:20:01",0,217,0,1518,217,1951
"2020-01-15 06:47:59",218,218,0,218,0,1309
"2020-01-15 10:15:56",436,0,0,218,0,654
"2020-01-15 14:08:31",0,218,0,1306,0,1306
"2020-01-15 17:36:28",0,0,0,651,0,1086
"2020-01-15 21:04:25",0,0,0,1089,0,871
"2020-01-16 00:32:22",215,215,0,0,215,1290
"2020-01-16 04:00:19",218,0,0,653,0,1088
"2020-01-16 07:28:17",219,0,0,219,0,1097
"2020-01-16 11:20:52",436,436,0,1089,436,1525
"2020-01-16 14:48:50",0,0,0,1094,0,1532
"2020-01-16 19:50:58",220,0,0,220,0,2859
"2020-01-16 23:18:55",435,218,0,218,218,1306
"2020-01-17 02:46:52",437,218,218,437,437,874
"2020-01-17 06:14:49",225,225,0,1573,225,3595
"2020-01-17 09:42:47",222,222,0,222,222,886
"2020-01-17 13:10:45",0,0,0,442,221,1546
"2020-01-22 19:43:27",0,215,0,1932,0,429
"2020-01-22 23:11:24",0,220,0,440,220,1101
"2020-01-23 02:39:21",435,0,0,653,218,218
"2020-01-23 06:07:18",430,0,0,430,215,430
"2020-01-23 09:35:15",217,0,0,1083,217,650
"2020-01-23 13:03:12",0,217,0,434,217,1085
"2020-01-23 16:55:47",0,217,0,1522,0,217
"2020-01-23 20:23:45",655,0,0,655,218,218
"2020-01-23 23:51:42",0,0,0,1311,219,1530
"2020-01-24 03:19:39",438,0,219,1314,0,1095
"2020-01-24 06:47:36",217,217,0,217,0,651
"2020-01-24 10:15:33",0,216,0,647,0,216
"2020-01-24 13:43:30",215,430,0,645,0,215
"2020-01-24 17:36:06",435,0,0,435,0,870
"2020-01-24 21:04:03",0,219,219,1096,219,1315
"2020-01-25 00:32:00",220,659,220,2415,439,1537
"2020-01-25 03:59:57",218,0,218,1090,218,1744
"2020-01-25 07:27:54",219,0,0,1314,219,876
"2020-01-25 10:55:51",659,0,0,1539,440,220
"2020-01-25 14:48:26",218,0,0,1305,0,435
"2020-01-25 18:16:24",222,0,0,1551,0,886
"2020-01-25 21:44:21",659,220,0,1538,220,659
"2020-01-26 01:12:18",661,0,0,441,220,0
"2020-01-26 04:40:16",445,222,0,667,0,222
"2020-02-01 01:32:01",0,0,0,0,0,0
"2020-02-01 05:00:13",0,0,0,0,0,201
"2020-02-01 08:28:24",0,0,0,0,0,0
"2020-02-01 12:22:37",0,0,0,0,0,0
"2020-02-01 15:50:49",0,0,0,0,0,0
"2020-02-02 00:03:50",0,0,0,0,0,0
"2020-03-05 01:11:48",0,0,0,0,0,0
"2020-03-05 10:18:22",0,0,0,0,0,0
"2020-03-06 06:50:19",0,0,0,0,0,0
"2020-03-20 18:00:21",0,204,0,0,0,0
"2020-03-20 21:34:48",0,653,0,0,0,0
"2020-03-21 01:08:52",0,207,0,0,0,0
"2020-03-21 04:43:17",0,1038,0,208,0,0
"2020-03-21 08:17:43",0,207,0,207,0,0
"2020-03-21 11:52:09",0,0,0,0,0,0
"2020-03-21 15:52:42",0,215,0,215,0,0
"2020-03-21 19:27:09",0,212,212,0,0,212
"2020-03-21 23:01:35",211,422,211,0,0,422
"2020-03-22 02:36:01",206,619,0,0,0,206
"2020-03-22 06:10:27",0,0,0,0,0,0
"2020-03-22 09:44:53",219,0,0,219,0,219
"2020-03-22 13:19:19",0,0,0,214,0,214
"2020-03-23 20:57:16",209,209,0,209,0,0
"2020-03-24 00:31:19",0,412,0,0,0,206
"2020-03-24 04:05:46",0,0,0,206,0,413
"2020-03-24 07:40:12",216,649,0,0,0,649
"2020-03-24 11:14:18",0,206,0,206,0,206
"2020-03-24 14:48:46",0,0,0,215,0,644
"2020-03-24 18:23:14",0,635,0,0,0,212
"2020-03-24 22:22:44",0,0,0,0,0,209
"2020-03-25 01:56:29",209,0,209,209,0,628
"2020-03-25 05:30:57",0,436,0,0,0,873
"2020-03-25 09:05:04",212,0,0,212,0,424
"2020-03-25 12:38:48",0,0,0,0,0,0
"2020-03-25 16:13:16",0,426,0,0,0,640
"2020-03-25 20:13:30",0,209,0,209,0,209
"2020-03-25 23:47:57",0,429,0,215,0,429
"2020-03-26 03:22:24",212,212,0,424,0,424
"2020-03-26 06:56:51",0,207,0,0,0,414
"2020-03-26 10:30:58",0,215,0,0,0,429
"2020-03-26 14:05:04",0,1063,0,0,0,0
"2020-03-26 18:05:39",0,206,0,0,0,0
"2020-03-26 21:40:06",0,426,0,426,0,426
"2020-03-27 01:13:26",0,207,0,0,0,620
"2020-03-27 04:46:05",0,221,0,0,0,1104
"2020-03-27 08:20:10",0,671,0,0,0,1565
"2020-03-27 11:54:36",215,429,215,0,0,858
"2020-03-27 15:55:09",0,0,0,0,0,0
"2020-03-27 19:29:35",0,203,0,407,0,0
"2020-03-27 23:04:01",204,0,0,0,0,0
"2020-03-28 02:38:06",0,206,0,0,0,206
"2020-03-28 06:12:12",0,627,0,0,0,627
"2020-03-28 09:46:38",0,410,0,0,0,410
"2020-03-28 13:21:04",0,652,217,217,0,869
"2020-03-28 17:20:12",0,210,0,0,0,421
"2020-03-28 20:54:16",0,206,0,206,0,412
"2020-03-29 00:28:43",0,0,0,0,0,636
"2020-03-29 04:03:11",0,0,0,0,0,880
"2020-03-29 07:37:39",0,0,229,0,0,916
"2020-03-29 11:12:06",0,234,0,234,0,1406
"2020-03-29 15:12:40",204,816,0,0,0,0
"2020-03-29 18:47:07",0,449,0,0,0,899
"2020-03-29 22:21:35",0,0,0,211,0,422
"2020-03-30 01:56:03",0,0,0,450,0,1124
"2020-03-30 05:30:10",457,228,0,228,0,685
"2020-03-30 09:04:40",0,0,0,235,0,471
"2020-03-30 13:05:16",0,480,0,0,0,0
"2020-03-30 16:39:24",0,247,0,247,0,1236
"2020-03-30 20:13:53",259,0,0,259,0,1294
"2020-03-30 23:48:21",245,245,0,0,0,1223
"2020-03-31 03:22:52",0,255,0,255,0,2039
"2020-03-31 06:57:21",0,249,0,249,0,997
"2020-03-31 10:57:58",0,247,0,0,0,1975
"2020-03-31 14:31:44",0,209,0,0,209,418
"2020-03-31 18:06:12",0,244,0,0,0,1218
"2020-03-31 21:40:42",0,0,257,0,0,1544
"2020-04-01 01:15:12",222,890,0,0,0,445
"2020-04-01 04:49:43",0,0,0,0,0,2641
"2020-04-01 08:24:13",0,525,0,0,0,1312
"2020-04-01 12:24:51",0,253,0,506,0,506
"2020-04-01 15:59:23",0,262,262,0,0,1047
"2020-04-01 19:33:56",0,0,0,0,0,5607
"2020-04-01 23:08:07",0,571,285,0,0,1998
"2020-04-02 02:42:42",0,0,0,0,0,3370
"2020-04-02 06:16:32",0,0,0,317,0,4127
"2020-04-02 10:17:10",0,280,0,0,0,1118
"2020-04-02 13:51:39",0,816,0,0,0,1632
"2020-04-02 17:26:10",0,425,0,637,0,212
"2020-04-02 21:00:37",0,206,0,0,0,0
"2020-04-03 00:34:46",0,544,0,0,0,1360
"2020-04-03 04:09:17",0,886,0,591,0,2067
"2020-04-03 08:09:56",0,210,0,210,0,210
"2020-04-03 11:44:23",0,527,0,263,0,2369
"2020-04-06 16:14:09",205,411,0,205,0,205
"2020-04-06 22:21:37",0,0,0,0,0,410
"2020-04-07 14:47:13",230,230,230,0,0,461
"2020-04-07 21:20:16",0,509,254,0,0,2034
"2020-04-08 18:06:21",0,240,0,240,0,1442
"2020-04-08 21:40:47",0,252,0,0,0,503
"2020-04-09 01:15:12",0,0,0,0,0,0
"2020-04-09 04:49:39",0,0,0,0,0,511
"2020-04-09 08:24:06",0,451,0,0,0,451
"2020-04-09 11:58:33",248,0,0,248,0,496
"2020-04-09 15:31:12",309,5565,0,0,309,1546
"2020-04-10 21:05:50",0,447,0,0,0,0
"2020-04-11 00:40:17",0,229,0,0,0,915
"2020-04-11 20:31:44",0,1112,0,0,0,0
"2020-04-12 15:39:10",0,685,0,0,0,457
"2020-04-12 19:13:15",0,222,0,0,0,444
"2020-04-12 22:47:42",230,1377,0,0,0,1148
"2020-04-13 02:47:32",0,230,0,0,0,1612
"2020-04-13 06:21:58",226,451,226,0,0,226
"2020-04-13 09:56:25",0,710,0,237,0,1893
"2020-04-13 23:21:11",0,8727,291,291,0,1745
"2020-04-14 03:20:58",0,3355,280,280,0,1398
"2020-04-14 11:31:47",0,485,0,242,0,727
"2020-04-14 20:22:56",0,495,0,0,0,495
"2020-04-15 13:52:59",0,0,0,0,0,0
"2020-04-15 17:33:25",0,567,283,0,0,0
"2020-04-15 21:06:38",0,0,0,0,0,459
"2020-04-16 00:40:43",0,468,0,0,0,0
"2020-04-16 04:14:28",0,0,0,0,0,0
"2020-04-16 07:48:10",0,0,0,0,0,0
"2020-04-16 11:22:38",0,0,0,0,0,0
"2020-04-16 14:57:09",0,481,0,241,0,0
"2020-04-16 18:57:12",0,508,0,0,0,0
"2020-04-16 22:31:20",248,743,0,248,0,0
"2020-04-17 02:05:04",0,248,0,0,0,0
"2020-04-17 05:38:06",0,250,0,0,0,0
"2020-04-17 09:10:46",245,245,0,0,0,0
"2020-04-17 12:44:47",0,0,0,0,0,0
"2020-04-17 18:13:56",0,258,0,0,0,0
"2020-04-17 21:48:28",0,0,0,254,0,254
"2020-04-19 17:35:43",0,240,0,240,0,0
"2020-04-19 21:09:53",0,0,0,0,0,0
"2020-04-20 00:44:04",0,0,0,266,0,266
"2020-04-20 04:18:36",0,0,0,0,0,0
"2020-04-20 08:18:50",0,0,0,234,0,0
"2020-04-20 11:51:51",240,0,0,240,0,240
"2020-04-20 15:54:53",0,251,0,251,0,0
"2020-04-20 19:29:21",0,0,0,0,0,0
"2020-04-21 13:57:38",0,0,0,769,0,0
"2020-04-21 18:01:30",0,0,0,0,0,0
"2020-04-22 11:08:44",0,0,0,218,0,0
"2020-04-22 14:43:11",0,0,0,0,0,0
"2020-04-22 18:17:48",245,0,0,979,0,0
"2020-04-23 10:50:27",0,0,0,244,0,0
"2020-04-23 14:24:57",0,0,0,251,0,0
"2020-04-24 03:31:27",241,0,0,0,0,0
"2020-04-24 08:10:40",0,242,0,726,0,0
"2020-04-24 12:27:05",246,0,0,492,0,246
"2020-04-25 17:07:26",0,223,0,223,0,1116
"2020-06-10 18:09:33",0,449,0,3144,225,1123
"2020-06-10 21:18:46",0,217,0,1522,0,652
"2020-06-11 00:28:00",0,0,0,1281,0,1068
"2020-06-11 03:37:14",0,0,0,1948,0,216
"2020-06-11 06:46:28",0,0,0,430,0,1504
"2020-06-11 09:55:43",0,428,0,1284,0,642
"2020-06-11 13:31:03",0,217,0,651,0,651
"2020-06-11 20:57:26",238,3810,0,2858,0,3334
"2020-06-12 00:06:41",0,0,0,1122,0,2693
"2020-06-12 03:15:56",0,230,0,1379,0,4136
"2020-06-12 06:25:11",0,0,0,219,219,1969
"2020-06-12 09:34:27",0,220,0,440,0,3079
"2020-06-12 12:43:41",0,214,0,1072,0,857
"2020-06-12 16:19:02",0,666,222,2886,0,1110
"2020-06-15 19:36:16",0,753,0,4016,251,1004
"2020-06-15 22:45:34",1017,254,254,10428,254,763
"2020-06-16 01:54:49",246,246,0,6144,0,2212
"2020-06-16 05:04:04",0,232,0,4184,0,697
"2020-06-16 08:13:19",232,0,0,5559,0,0
"2020-06-16 19:38:46",0,1213,0,5581,243,485
"2020-06-17 23:12:51",0,0,0,0,0,5232
"2020-06-29 20:20:55",0,1397,0,1956,0,1118
"2020-06-29 23:29:58",540,540,0,1890,0,540
"2020-06-30 02:39:00",0,0,0,1943,0,729
"2020-06-30 05:48:02",0,260,0,2343,0,1041
"2020-06-30 08:57:03",0,489,0,734,0,0
"2020-06-30 12:06:05",0,533,0,1333,0,533
"2020-06-30 15:41:05",284,852,0,3123,0,1703
"2020-06-30 18:50:06",0,234,0,938,0,469
"2020-06-30 21:59:07",277,2490,0,3596,0,553
"2020-07-01 01:08:10",0,989,0,1979,0,1484
"2020-07-01 04:17:12",0,1176,0,706,0,235
"2020-07-01 07:26:12",0,470,0,2117,0,470
"2020-07-01 11:01:11",0,1629,0,1357,0,543
"2020-07-01 14:10:13",0,985,0,3201,0,492
"2020-07-01 17:19:13",0,494,0,2471,0,247
"2020-07-01 20:28:14",0,908,0,454,0,227
"2020-07-01 23:37:15",248,248,0,1734,0,248
"2020-07-02 02:46:16",236,236,0,1179,0,471
"2020-07-02 06:21:15",0,235,0,1408,0,0
"2020-07-02 09:30:15",228,2509,0,912,0,0
"2020-07-02 12:39:17",249,498,0,997,0,0
"2020-07-02 15:48:18",966,966,0,2656,0,483
"2020-07-02 18:57:19",519,2074,0,3112,0,0
"2020-07-02 22:06:22",0,1618,0,925,0,24505
"2020-07-03 01:15:26",496,248,0,2728,0,248
"2020-07-03 04:50:25",0,977,0,1954,244,488
"2020-07-03 07:59:24",0,697,0,1859,0,232
"2020-07-03 11:08:26",232,4864,0,927,232,232
"2020-07-03 14:41:04",0,496,0,2726,0,496
"2020-07-03 17:50:05",0,510,0,1275,255,510
"2020-07-03 20:59:05",0,1358,0,2987,0,0
"2020-07-04 00:34:05",0,2652,0,3448,0,0
"2020-07-04 03:43:08",0,3831,0,3284,0,0
"2020-07-04 06:52:10",0,3936,0,3149,0,262
"2020-07-04 10:01:11",0,2539,0,2539,0,0
"2020-07-04 13:10:13",0,832,0,2496,0,277
"2020-07-04 16:19:14",0,3285,0,1916,0,274
"2020-07-04 19:54:13",0,4902,0,5190,0,288
"2020-07-04 23:03:14",0,710,0,1656,0,237
"2020-07-05 02:12:15",0,771,0,3083,0,257
"2020-07-05 05:21:17",0,245,0,2944,0,0
"2020-07-05 08:30:17",0,7513,0,3991,0,235
"2020-07-05 11:39:18",0,5864,0,677,0,0
"2020-07-05 15:14:16",0,261,0,3136,0,523
"2020-07-05 18:23:17",0,1623,0,3786,0,0
"2020-07-05 21:32:18",0,247,0,2224,0,247
"2020-07-06 00:41:18",0,0,0,897,0,0
"2020-07-06 03:50:18",0,233,0,1866,0,0
"2020-07-06 06:59:19",0,472,0,1654,0,0
"2020-07-06 10:08:19",0,231,0,2076,0,231
"2020-07-06 13:43:17",0,238,0,1190,0,238
"2020-07-06 17:15:56",0,9977,0,243,0,730
"2020-07-06 20:48:35",0,1584,0,528,0,0
"2020-07-07 00:44:50",0,0,0,1609,230,0
"2020-07-07 05:04:44",0,249,0,3237,0,0
"2020-07-07 09:03:19",0,957,0,1196,0,0
"2020-07-07 12:35:56",0,444,0,666,0,0
"2020-07-09 11:04:10",0,0,0,531,0,24151
"2020-07-09 14:13:24",0,0,0,0,0,16584
"2020-07-10 19:48:52",0,425,0,0,0,41221
"2020-07-10 22:58:05",0,495,0,0,0,30220
"2020-07-22 13:52:52",0,2991,0,0,0,19937
"2020-08-19 22:32:50",237,0,0,237,712,0
"2020-08-20 02:05:43",665,1772,0,0,886,222
"2020-08-20 05:38:40",0,1115,0,0,1115,223
"2020-08-20 09:11:42",461,1153,0,1153,1614,231
"2020-08-20 12:44:56",214,0,0,0,641,214
"2020-08-20 16:18:02",475,238,0,950,2138,238
"2020-08-20 20:17:07",239,954,0,239,4056,716
"2020-08-20 23:50:09",0,1092,0,0,655,218
"2020-08-21 03:23:31",217,1302,0,434,1302,217
"2020-08-21 06:56:53",655,2400,218,655,1964,0
"2020-08-21 12:59:22",0,0,0,0,0,0
"2020-08-25 19:41:49",0,1802,0,901,450,225
"2020-08-25 22:50:31",0,1298,0,1298,0,1298
"2020-08-26 01:59:12",0,2632,0,718,0,479
"2020-08-26 05:07:54",1194,1671,0,1671,3343,0
"2020-08-26 08:16:35",3739,2805,0,935,13789,935
"2020-08-26 11:25:17",2273,682,0,2046,3864,227
"2020-08-26 14:59:27",2216,985,0,1231,14524,0
"2020-08-26 18:08:10",1664,2377,238,951,13072,951
"2020-08-26 21:16:51",1194,1433,0,1672,5493,955
"2020-08-27 00:25:33",468,1170,0,2105,936,936
"2020-08-27 03:34:13",693,1156,0,924,231,0
"2020-08-27 06:42:55",1371,1371,0,1371,1599,685
"2020-08-27 10:17:02",10674,1456,0,2668,24987,243
"2020-08-27 13:25:44",4931,1174,0,1644,9393,470
"2020-08-27 16:34:27",1765,504,0,1513,13367,252
"2020-08-27 19:43:07",2001,667,222,667,4446,667
"2020-08-27 22:51:48",960,720,0,240,4321,480
"2020-08-28 02:00:30",468,0,0,702,1170,702
"2020-08-28 05:09:11",0,0,0,1140,456,456
"2020-08-28 08:43:20",5746,460,230,1149,14940,0
"2020-08-28 11:52:01",4356,1834,0,1834,10776,459
"2020-08-28 15:00:41",13131,1010,0,3788,37878,505
"2020-08-28 18:09:26",18170,4543,0,7749,129863,267
"2020-08-28 21:18:07",900,900,0,450,8327,450
"2020-08-29 00:26:48",450,450,0,900,2474,0
"2020-08-29 04:00:57",679,453,0,1358,1132,0
"2020-08-29 07:09:37",649,216,0,649,216,0
"2020-08-29 10:18:17",3495,874,0,655,5679,655
"2020-08-29 13:26:58",4084,1815,0,1588,5672,227
"2020-08-29 16:35:40",9464,996,249,2740,34370,0
"2020-08-29 19:44:21",0,0,0,0,2442,444
"2020-08-29 23:18:30",2555,1917,213,639,7879,639
"2020-08-30 02:27:11",0,437,0,655,1746,218
"2020-08-30 05:35:52",0,430,0,645,215,215
"2020-08-30 08:44:33",0,642,0,428,1283,428
"2020-08-30 11:53:14",3674,864,0,432,4971,864
"2020-08-30 15:01:55",1331,222,0,1553,5326,0
"2020-08-30 18:35:44",1107,0,0,885,3320,221
"2020-08-30 21:44:25",439,439,0,878,878,0
"2020-08-31 00:53:05",219,219,0,219,438,438
"2020-08-31 04:01:46",437,219,0,437,1093,0
"2020-08-31 07:10:27",0,0,0,429,429,0
"2020-08-31 10:19:08",218,218,0,871,1306,435
"2020-08-31 13:27:49",222,666,0,1332,2665,666
"2020-08-31 17:01:55",1402,234,0,1869,2102,467
"2020-08-31 21:13:06",0,0,0,0,745,0
"2020-09-01 00:21:48",0,0,0,0,0,0
"2020-09-01 03:30:29",0,0,0,0,0,0
"2020-09-01 06:39:11",0,0,0,0,0,0
"2020-09-01 09:47:52",0,0,0,0,0,0
"2020-09-01 18:58:37",1590,0,0,1363,7270,227
"2020-09-01 22:07:18",659,220,0,1098,3074,0
"2020-09-02 01:15:58",220,440,0,660,1761,0
"2020-09-02 04:24:39",1303,652,0,434,1955,0
"2020-09-02 07:58:44",0,0,0,638,638,0
"2020-09-02 11:07:25",210,420,0,1469,840,420
"2020-09-02 14:16:05",214,642,214,214,1712,214
"2020-09-02 17:24:46",8340,1191,238,3098,22637,0
"2020-09-02 20:33:27",2012,671,224,894,4695,0
"2020-09-02 23:42:08",657,438,219,438,4601,0
"2020-09-03 03:16:16",862,431,0,431,4311,647
"2020-09-03 06:24:57",861,215,0,430,1076,0
"2020-09-03 09:33:37",640,427,0,427,1921,0
"2020-09-03 12:42:18",0,635,423,846,1692,635
"2020-09-03 15:50:58",1116,223,0,893,5580,446
"2020-09-03 18:59:39",1133,907,0,680,6574,453
"2020-09-03 22:33:45",218,437,0,655,873,0
"2020-09-04 01:42:26",848,424,0,848,4664,636
"2020-09-04 04:51:06",422,634,211,0,211,211
"2020-09-04 07:59:46",213,1063,0,1700,2975,213
"2020-09-04 11:08:27",0,420,210,420,1049,0
"2020-09-04 14:17:07",0,430,0,1720,860,430
"2020-09-04 17:51:15",1096,438,0,1096,1754,219
"2020-09-04 20:59:56",1192,1192,0,2861,7631,0
"2020-09-05 00:08:37",0,215,0,1288,1717,0
"2020-09-05 03:17:18",0,0,0,1070,428,0
"2020-09-05 06:25:58",422,633,0,1265,1898,422
"2020-09-05 09:34:39",424,424,212,424,424,0
"2020-09-05 12:43:19",214,214,214,1715,214,0
"2020-09-05 16:17:26",215,215,215,429,858,858
"2020-09-05 19:26:07",433,865,216,1514,649,0
"2020-09-05 22:34:48",0,220,0,881,441,661
"2020-09-06 01:43:28",858,214,0,1286,643,429
"2020-09-06 04:52:09",1067,213,0,213,3628,213
"2020-09-06 08:00:50",430,644,215,1503,1503,859
"2020-09-06 11:34:59",213,0,0,0,1494,213
"2020-09-08 16:34:18",217,434,0,1303,1737,217
"2020-09-08 19:42:58",1127,902,0,1127,1803,0
"2020-09-08 22:51:39",0,0,0,876,0,0
"2020-09-09 02:00:20",218,436,0,1744,436,218
"2020-09-09 05:09:00",0,651,0,1519,434,217
"2020-09-09 08:43:07",438,875,219,1313,219,219
"2020-09-09 11:51:47",0,219,0,2193,658,877
"2020-09-09 15:00:28",0,0,0,1560,223,446
"2020-09-09 18:09:08",0,1344,0,896,448,448
"2020-09-09 21:17:49",0,926,0,695,232,926
"2020-09-10 00:26:30",0,0,0,1548,221,0
"2020-09-10 04:00:38",0,874,219,1530,0,437
"2020-09-10 07:09:18",437,0,0,2622,218,218
"2020-09-10 10:18:00",224,1343,0,4030,0,2239
"2020-09-10 13:26:40",440,0,0,1100,0,880
"2020-09-10 16:35:21",455,227,0,1592,455,1137
"2020-09-10 19:44:02",0,234,0,1868,0,467
"2020-09-10 22:52:43",231,461,0,1383,0,692
"2020-09-11 02:26:47",477,477,0,3102,477,0
"2020-09-11 05:35:28",0,425,0,1062,0,212
"2020-09-11 08:44:08",0,447,0,1564,0,670
"2020-09-11 11:52:49",0,0,0,2288,0,1602
"2020-09-11 15:01:31",236,236,0,473,0,236
"2020-09-11 18:10:12",526,0,0,1577,0,263
"2020-09-11 21:44:20",0,277,0,831,0,554
"2020-09-12 00:53:02",0,758,253,505,0,0
"2020-09-12 04:01:44",0,252,0,504,504,0
"2020-09-12 07:10:25",241,0,0,722,0,0
"2020-09-12 10:19:06",0,241,0,724,0,483
"2020-09-12 13:27:48",0,484,242,726,0,0
"2020-09-12 17:01:57",0,763,0,763,0,254
"2020-09-12 20:10:38",0,557,0,1115,0,3901
"2020-09-12 23:19:20",291,582,0,1456,0,291
"2020-09-13 02:28:03",271,271,0,1898,0,542
"2020-09-13 05:36:45",0,810,0,3779,0,810
"2020-09-13 08:45:27",0,533,0,1599,0,0
"2020-09-13 12:19:38",0,751,0,1002,0,250
"2020-09-13 15:28:20",0,277,277,1662,277,0
"2020-09-13 18:37:02",263,0,0,2628,0,526
"2020-09-13 21:45:43",246,492,0,492,0,984
"2020-09-14 00:54:24",0,249,0,249,0,497
"2020-09-14 04:03:06",0,519,0,2076,0,259
"2020-09-14 07:11:48",0,491,0,2700,0,0
"2020-09-14 10:45:54",0,254,0,1526,0,2289
"2020-09-14 13:54:36",536,1073,0,536,0,268
"2020-09-14 17:03:18",292,1459,292,584,292,584
"2020-09-14 20:12:01",308,616,0,1231,0,924
"2020-09-14 23:20:44",0,1861,0,2393,0,1861
"2020-09-15 02:29:26",0,522,0,2611,0,1828
"2020-09-15 06:03:33",276,553,0,6079,0,276
"2020-09-15 09:12:15",0,0,0,2140,0,802
"2020-09-15 12:20:57",0,263,0,1840,263,1315
"2020-09-15 15:29:39",0,289,0,2309,289,577
"2020-09-15 18:38:22",577,288,0,7499,577,288
"2020-09-15 21:47:05",280,559,0,5593,280,280
"2020-09-16 01:21:10",500,5503,0,5753,250,2001
"2020-09-16 04:29:53",262,787,0,4197,0,2099
"2020-09-16 07:38:35",265,1852,0,7409,0,2911
"2020-09-16 10:47:18",273,1091,0,9543,545,545
"2020-09-16 13:56:00",502,502,0,3512,752,3261
"2020-09-16 17:04:43",0,1584,0,2904,0,2112
"2020-09-16 20:38:51",521,782,0,3909,521,1042
"2020-09-16 23:47:33",277,553,0,2214,0,2490
"2020-09-17 02:56:14",267,0,267,2402,0,2668
"2020-09-17 06:04:56",0,264,0,1319,0,528
"2020-09-17 09:13:38",258,774,0,7995,258,3095
"2020-09-17 12:22:20",271,814,0,6512,0,2442
"2020-09-17 15:31:02",261,523,0,3135,0,4181
"2020-09-17 19:05:12",0,1767,0,1262,0,1010
"2020-09-17 22:13:54",248,0,0,2733,745,1491
"2020-09-18 01:22:36",525,263,0,4726,525,2101
"2020-09-18 04:31:18",256,256,0,3841,256,4097
"2020-09-18 07:40:00",0,1088,0,1904,0,1360
"2020-09-18 10:48:43",0,550,0,1099,0,2199
"2020-09-18 14:22:52",0,797,266,2126,266,3455
"2020-09-18 17:31:35",274,274,0,4109,0,1643
"2020-09-18 20:40:18",0,611,0,1832,0,3054
"2020-09-18 23:49:01",0,1148,0,861,0,287
"2020-09-19 02:57:43",0,0,0,1042,0,4166
"2020-09-19 06:06:26",267,0,0,2402,0,534
"2020-09-19 09:40:36",278,555,278,1665,0,1388
"2020-09-19 12:49:19",0,272,0,2724,0,1362
"2020-09-19 15:58:02",262,525,262,787,0,3149
"2020-09-19 19:06:45",0,0,0,1662,0,1662
"2020-09-19 22:15:28",0,290,0,1739,0,2898
"2020-09-20 01:24:11",0,532,0,3458,0,1330
"2020-09-20 04:58:20",0,529,0,1323,529,2912
"2020-09-20 08:07:02",267,534,0,2135,267,534
"2020-09-20 11:15:46",0,281,0,3658,0,844
"2020-09-20 17:33:12",282,282,0,1128,0,1692
"2020-09-20 20:41:55",292,875,0,0,0,3501
"2020-09-21 03:24:46",0,276,0,1103,0,1655
"2020-09-21 06:33:29",0,1052,0,2104,263,2893
"2020-09-21 09:42:12",0,266,0,798,0,2129
"2020-09-21 12:50:55",0,547,0,1368,0,2463
"2020-09-21 15:59:39",0,277,0,1385,0,1662
"2020-09-21 20:21:31",0,281,0,562,0,1406
"2020-09-21 23:55:19",0,286,0,859,0,859
"2020-09-22 06:12:44",266,0,0,1593,266,797
"2020-09-22 09:21:27",0,265,0,265,0,1061
"2020-09-22 15:38:54",276,553,0,1105,0,276
"2020-09-22 19:13:04",266,533,0,1599,0,2132
"2020-09-22 22:21:47",0,0,0,523,0,1831
"2020-09-23 01:30:30",261,0,0,523,261,784
"2020-09-23 04:39:13",0,251,0,251,0,2258
"2020-09-23 07:47:55",0,740,0,493,0,1726
"2020-09-23 10:56:37",0,239,0,716,0,1671
"2020-09-23 14:30:45",0,736,0,736,0,1471
"2020-09-23 17:39:28",0,249,0,746,0,994
"2020-09-23 20:48:09",0,242,0,0,0,3635
"2020-09-23 23:56:51",0,229,0,229,0,229
"2020-09-24 03:05:32",0,0,0,0,0,905
"2020-09-24 06:14:13",0,0,0,904,0,1131
"2020-09-24 09:48:21",0,223,223,223,0,1338
"2020-09-24 12:57:02",0,228,228,1138,0,1138
"2020-09-24 16:05:43",227,682,0,227,0,455
"2020-09-24 19:14:24",238,713,0,238,0,1188
"2020-09-24 22:23:05",230,1149,0,460,0,919
"2020-09-25 01:31:46",0,220,0,220,0,660
"2020-09-25 04:40:27",218,218,0,218,0,2612
"2020-09-25 08:14:34",0,0,0,876,0,657
"2020-09-25 11:23:14",0,222,0,222,0,0
"2020-09-25 14:31:55",0,224,0,0,0,449
"2020-09-25 17:40:36",0,441,0,662,0,662
"2020-09-25 20:49:17",0,224,0,671,0,447
"2020-09-25 23:57:58",0,0,0,0,0,873
"2020-09-26 03:32:05",0,0,0,0,0,859
"2020-09-26 06:40:45",0,0,0,427,213,0
"2020-09-26 09:49:26",0,0,0,0,0,856
"2020-09-26 12:58:07",0,659,0,0,0,220
"2020-09-26 16:06:47",232,0,0,232,0,928
"2020-09-26 19:15:28",0,0,0,651,0,1520
"2020-09-26 22:49:34",0,426,0,0,0,1065
"2020-09-27 01:58:15",0,215,0,0,429,859
"2020-09-27 05:06:55",0,0,0,0,0,0
"2020-09-27 08:15:36",0,212,0,212,0,424
"2020-09-27 11:24:16",216,216,0,0,0,1295
"2020-09-27 14:32:57",0,0,0,0,0,216
"2020-09-27 18:07:05",0,0,0,634,0,423
"2020-09-27 21:15:46",0,210,0,0,0,631
"2020-09-28 00:24:27",213,213,0,638,0,851
"2020-09-28 03:56:42",0,214,0,214,0,0
"2020-09-28 07:05:22",0,0,209,0,0,835
"2020-09-28 10:14:03",0,213,0,0,0,1065
"2020-09-28 13:22:43",0,0,0,0,0,0
"2020-09-28 16:56:51",0,0,0,899,0,899
"2020-09-28 20:05:32",0,0,0,216,0,432
"2020-09-28 23:14:12",0,1853,0,0,0,1853
"2020-09-29 02:22:53",0,0,0,0,0,208
"2020-09-29 05:31:33",0,0,0,0,0,213
"2020-09-29 08:40:14",0,0,0,0,0,0
"2020-09-29 12:14:21",0,214,0,214,0,429
"2020-09-30 02:18:59",0,0,0,0,0,852
"2020-09-30 05:27:38",0,0,0,431,0,1509
"2020-09-30 09:01:46",0,0,0,650,0,434
"2020-09-30 19:21:45",0,0,0,674,0,450
"2020-09-30 22:30:26",0,443,0,0,0,664
"2020-10-01 01:39:07",0,220,0,220,0,660
"2020-10-01 04:47:48",0,437,218,218,0,218
"2020-10-01 07:56:29",0,0,0,0,0,871
"2020-10-01 11:30:13",0,1095,0,219,0,657
"2020-10-01 14:38:53",0,452,0,226,0,678
"2020-10-01 17:47:34",0,226,0,678,0,904
"2020-10-01 20:56:13",218,0,0,0,0,653
"2020-10-02 00:04:54",0,224,0,0,0,224
"2020-10-02 03:13:35",0,0,0,0,0,221
"2020-10-02 06:47:21",0,0,0,218,0,218
"2020-10-02 09:56:02",0,0,0,425,0,0
"2020-10-02 13:04:42",0,220,0,220,0,659
"2020-10-02 16:13:23",0,224,0,448,0,0
"2020-10-02 19:22:05",0,0,0,225,0,901
"2020-10-02 22:30:47",0,226,0,226,0,226
"2020-10-03 01:39:28",0,450,0,675,0,675
"2020-10-03 05:13:34",0,677,0,451,0,451
"2020-10-03 08:22:14",0,445,0,0,0,222
"2020-10-03 11:30:55",0,0,0,0,0,0
"2020-10-03 14:39:36",0,0,0,223,0,223
"2020-10-03 17:48:17",0,0,0,228,0,684
"2020-10-03 20:56:58",0,0,0,445,0,0
"2020-10-04 00:31:06",0,223,0,0,0,0
"2020-10-04 03:39:47",219,876,0,438,0,219
"2020-10-04 06:48:28",0,450,0,675,225,225
"2020-10-04 09:57:09",0,440,0,0,0,220
"2020-10-04 13:05:50",0,436,0,218,0,218
"2020-10-04 16:14:31",221,0,0,885,0,221
"2020-10-04 19:48:18",0,223,0,0,0,223
"2020-10-04 22:56:57",0,662,0,221,0,221
"2020-10-05 02:05:38",0,0,0,449,224,0
"2020-10-05 05:14:19",0,891,0,445,0,668
"2020-10-05 08:23:00",0,0,0,221,0,442
"2020-10-05 11:31:41",0,439,0,220,0,0
"2020-10-05 15:05:50",0,225,0,899,0,0
"2020-10-05 19:33:39",0,256,0,512,0,512
"2020-10-05 22:42:21",501,501,0,501,0,251
"2020-10-06 01:51:02",0,240,240,240,0,0
"2020-10-06 04:59:43",234,234,234,234,0,0
"2020-10-06 08:08:23",0,241,0,483,0,0
"2020-10-06 11:17:04",0,475,0,0,0,237
"2020-10-06 14:51:12",0,758,0,758,0,0
"2020-10-06 17:59:53",503,252,0,0,0,0
"2020-10-06 21:08:34",0,260,0,1300,0,260
"2020-10-07 00:17:15",0,959,0,479,0,0
"2020-10-07 03:25:55",239,239,0,954,239,239
"2020-10-07 06:34:36",476,238,0,951,0,0
"2020-10-07 10:08:44",240,962,0,240,0,721
"2020-10-07 13:17:25",0,697,0,232,0,0
"2020-10-07 16:26:06",239,1197,0,479,239,1197
"2020-10-07 19:34:48",0,499,0,499,249,0
"2020-10-07 22:43:28",0,486,0,1946,0,0
"2020-10-08 01:52:09",0,468,0,0,0,0
"2020-10-08 05:26:16",0,0,0,231,0,0
"2020-10-08 08:34:57",231,231,0,231,231,0
"2020-10-08 11:43:38",0,241,0,962,0,0
"2020-10-08 14:52:19",0,719,0,479,0,0
"2020-10-08 18:01:00",0,496,0,993,0,0
"2020-10-08 21:09:40",0,250,0,501,0,0
"2020-10-09 00:43:47",0,495,0,990,0,0
"2020-10-09 03:52:28",243,487,0,974,243,243
"2020-10-09 07:01:09",0,706,0,1413,0,0
"2020-10-09 10:09:49",0,238,0,0,0,0
"2020-10-09 13:18:30",0,0,0,734,0,245
"2020-10-09 16:27:11",0,244,0,488,0,975
"2020-10-09 19:35:52",0,0,0,499,0,499
"2020-10-09 23:09:37",245,491,0,491,0,0
"2020-10-10 02:18:18",0,496,0,745,0,248
"2020-10-10 05:26:59",0,1223,0,245,0,0
"2020-10-10 08:35:40",0,240,0,720,0,0
"2020-10-10 11:44:20",0,702,0,234,0,234
"2020-10-10 14:53:01",0,0,0,0,0,762
"2020-10-10 18:26:48",0,466,0,700,0,466
"2020-10-10 21:35:29",250,0,0,501,0,0
"2020-10-11 00:44:10",0,696,0,696,0,0
"2020-10-11 03:52:51",0,460,0,460,0,460
"2020-10-11 07:01:31",0,229,0,229,0,0
"2020-10-11 10:10:12",0,457,0,457,0,228
"2020-10-11 13:44:22",0,756,0,504,0,756
"2020-10-11 16:53:03",0,260,260,1038,260,519
"2020-10-11 20:01:44",266,0,0,1063,0,0
"2020-10-11 23:10:25",0,243,0,243,0,486
"2020-10-12 02:19:06",0,1492,0,746,0,0
"2020-10-12 05:27:46",0,1274,0,510,0,0
"2020-10-12 09:01:53",0,1230,0,492,0,0
"2020-10-12 12:10:34",0,250,250,1001,0,250
"2020-10-12 15:19:15",0,779,0,520,260,260
"2020-10-12 18:27:56",275,825,0,1376,0,550
"2020-10-12 21:36:38",549,1648,0,1648,549,549
"2020-10-13 00:45:19",0,1587,0,793,529,264
"2020-10-13 03:54:01",269,1076,0,538,0,0
"2020-10-13 07:28:08",264,527,0,527,0,527
"2020-10-13 10:36:49",0,514,0,514,0,0
"2020-10-13 13:45:31",0,771,0,771,257,514
"2020-10-13 16:54:12",0,740,0,740,0,986
"2020-10-13 20:02:53",0,511,0,766,0,255
"2020-10-13 23:11:34",0,761,0,254,0,254
"2020-10-14 02:45:45",0,257,0,513,0,1026
"2020-10-14 05:54:26",252,252,0,503,0,252
"2020-10-14 09:03:07",244,488,0,488,0,488
"2020-10-14 12:11:48",0,992,0,496,0,248
"2020-10-14 15:20:29",238,238,0,238,0,477
"2020-10-14 17:18:24",0,230,0,460,0,460
"2020-10-14 20:52:31",0,0,0,462,0,0
"2020-10-15 00:01:12",0,734,0,1469,0,245
"2020-10-15 03:09:53",0,234,0,703,0,0
"2020-10-15 06:18:34",0,467,0,233,0,467
"2020-10-15 09:27:14",0,0,0,458,0,229
"2020-10-15 12:35:55",237,712,0,950,0,475
"2020-10-15 15:44:36",237,712,0,1187,0,475
"2020-10-15 19:18:44",0,699,0,466,0,0
"2020-10-15 22:27:25",0,238,0,1191,0,953
"2020-10-16 01:36:06",0,476,0,476,0,238
"2020-10-16 04:44:47",236,472,0,707,236,236
"2020-10-16 07:53:28",0,935,0,701,0,701
"2020-10-16 11:02:09",0,915,0,229,0,229
"2020-10-16 14:36:17",234,468,0,468,0,468
"2020-10-16 17:44:59",0,484,0,0,0,968
"2020-10-16 20:53:40",0,257,0,513,0,257
"2020-10-17 00:02:21",0,495,247,495,0,495
"2020-10-17 03:11:02",239,716,0,239,0,0
"2020-10-17 06:19:43",0,240,240,481,0,481
"2020-10-17 09:53:54",0,233,0,0,0,233
"2020-10-17 13:02:35",0,232,0,465,0,0
"2020-10-17 16:11:15",0,0,0,231,0,0
"2020-10-17 19:19:56",0,235,0,942,0,0
"2020-10-17 22:28:37",0,231,0,461,0,231
"2020-10-18 01:37:18",0,707,0,471,0,236
"2020-10-18 05:11:05",0,232,0,926,0,0
"2020-10-18 08:19:45",0,229,229,229,0,0
"2020-10-18 11:28:26",0,0,0,700,0,0
"2020-10-18 14:37:07",0,237,0,710,0,0
"2020-10-18 17:45:48",0,236,0,1181,0,236
"2020-10-18 20:54:28",236,471,0,471,0,707
"2020-10-19 00:03:09",220,0,0,440,0,220
"2020-10-19 03:37:19",0,962,0,481,0,241
"2020-10-19 06:46:00",0,238,238,713,238,238
"2020-10-19 09:54:41",0,472,0,472,0,236
"2020-10-19 13:03:22",0,736,245,245,0,245
"2020-10-19 17:16:25",0,461,0,1612,0,461
"2020-10-19 20:25:07",233,465,0,698,0,698
"2020-10-19 23:59:17",227,227,0,680,0,0
"2020-10-20 03:07:58",0,926,0,695,0,0
"2020-10-20 06:16:39",231,1384,0,1384,231,922
"2020-10-20 09:25:19",0,917,0,229,0,229
"2020-10-20 12:34:00",0,0,0,219,0,0
"2020-10-20 15:42:41",0,472,0,236,0,472
"2020-10-20 19:16:48",0,470,0,470,235,235
"2020-10-20 22:25:28",0,229,0,458,0,0
"2020-10-21 01:34:09",0,1412,0,471,0,235
"2020-10-21 04:42:50",0,456,0,684,0,228
"2020-10-21 07:51:31",0,918,0,688,0,0
"2020-10-21 11:00:11",0,227,0,227,0,680
"2020-10-21 14:33:55",219,0,0,439,0,0
"2020-10-21 17:42:36",0,242,0,242,0,0
"2020-10-21 20:51:17",239,239,0,478,239,0
"2020-10-21 23:59:58",0,461,0,0,0,0
"2020-10-22 03:08:40",0,446,0,446,0,0
"2020-10-22 06:17:20",0,917,0,0,229,458
"2020-10-22 09:26:01",0,225,0,450,0,0
"2020-10-22 13:00:06",0,228,0,228,0,228
"2020-10-22 16:08:46",223,670,0,0,0,223
"2020-10-22 19:17:28",0,460,0,230,0,0
"2020-10-22 22:26:08",0,933,0,1167,233,0
"2020-10-23 01:34:49",0,1355,0,226,0,0
"2020-10-23 04:43:30",0,1134,0,1134,227,0
"2020-10-23 08:17:40",0,937,0,703,234,703
"2020-10-23 11:26:21",0,450,0,675,225,225
"2020-10-23 14:35:03",239,954,0,1193,239,954
"2020-10-23 17:43:43",0,0,0,0,0,24084
"2020-10-25 11:05:00",0,923,0,461,0,231
"2020-10-25 14:13:41",0,249,0,1994,0,249
"2020-10-25 17:22:23",0,251,0,2007,251,0
"2020-10-25 20:31:04",246,0,0,1969,0,1477
"2020-10-25 23:39:46",245,490,0,2203,0,979
"2020-10-26 02:48:27",484,0,0,1695,0,242
"2020-10-26 05:57:08",0,725,0,2415,0,1449
"2020-10-26 09:31:14",0,0,0,712,0,1186
"2020-10-26 12:39:55",0,237,0,948,0,711
"2020-10-26 15:48:36",0,499,0,499,0,1498
"2020-10-26 19:42:50",0,0,0,1591,0,1326
"2020-10-26 22:51:31",249,0,0,1493,0,747
"2020-10-27 02:00:13",242,484,0,1209,0,242
"2020-10-27 05:34:20",0,721,0,1441,0,1201
"2020-10-27 08:43:01",1172,938,0,1875,0,234
"2020-10-27 11:51:42",232,0,0,464,0,0
"2020-10-27 15:00:24",747,498,0,996,0,498
"2020-10-27 18:09:05",0,723,0,723,0,482
"2020-10-27 21:17:47",0,486,0,1458,0,486
"2020-10-28 00:51:53",459,230,0,1608,0,689
"2020-10-28 04:00:34",0,232,0,232,0,232
"2020-10-28 07:09:15",232,0,0,1395,0,465
"2020-10-28 10:17:56",227,0,0,227,0,680
"2020-10-28 13:26:37",232,696,0,928,0,696
"2020-10-28 16:35:18",754,754,0,1005,0,2009
"2020-10-28 20:09:27",248,1238,0,1238,0,248
"2020-10-28 22:30:58",0,0,0,433,0,433
"2020-10-29 01:39:38",218,437,218,437,0,218
"2020-10-29 04:48:19",0,450,0,225,0,450
"2020-10-29 07:57:00",0,444,0,444,0,222
"2020-10-29 11:05:41",0,0,0,219,0,439
"2020-10-29 14:14:20",0,230,0,0,0,921
"2020-10-29 17:48:28",0,246,0,1968,0,2460
"2020-10-29 20:57:09",0,0,0,699,0,699
"2020-10-30 00:05:51",0,223,0,892,0,446
"2020-10-30 03:14:32",0,480,0,1441,0,240
"2020-10-30 06:23:14",245,245,0,1717,0,981
"2020-10-30 09:31:55",713,0,238,1664,0,713
"2020-10-30 13:06:03",0,0,234,937,0,468
"2020-10-30 16:14:49",0,710,0,1420,0,473
"2020-10-30 19:23:38",243,730,0,1217,0,974
"2020-10-30 22:32:18",0,235,0,1411,235,470
"2020-10-31 01:41:00",227,227,0,680,0,227
"2020-10-31 04:49:41",230,230,0,1149,0,230
"2020-10-31 08:23:49",226,226,0,226,0,226
"2020-10-31 11:32:30",0,896,0,1120,0,224
"2020-10-31 14:41:11",0,224,0,224,0,0
"2020-10-31 17:49:52",0,0,0,665,0,222
"2020-10-31 20:58:33",0,0,0,224,0,0
"2020-11-01 00:07:13",0,0,0,1067,0,853
"2020-11-01 03:15:54",0,0,0,643,0,214
"2020-11-01 06:49:57",0,653,0,871,0,218
"2020-11-01 09:58:37",0,426,0,213,0,852
"2020-11-01 13:07:18",0,214,0,0,0,642
"2020-11-01 16:15:57",0,221,0,662,0,441
"2020-11-01 19:24:38",0,0,0,445,0,890
"2020-11-01 22:33:19",0,0,0,1109,222,222
"2020-11-02 02:07:23",0,213,0,639,0,213
"2020-11-02 05:16:03",0,217,0,0,0,1083
"2020-11-02 08:24:44",0,0,0,215,0,430
"2020-11-02 11:33:24",0,425,0,425,0,212
"2020-11-02 14:42:05",213,425,0,213,0,638
"2020-11-02 17:50:46",441,0,0,0,0,661
"2020-11-02 21:24:34",0,0,0,865,0,0
"2020-11-03 00:33:15",0,0,0,423,0,212
"2020-11-03 03:41:55",0,0,211,211,0,633
"2020-11-03 06:50:35",0,0,0,0,0,425
"2020-11-03 09:59:16",423,0,0,634,0,634
"2020-11-03 13:07:57",0,210,0,0,0,0
"2020-11-03 16:42:05",0,0,0,431,0,216
"2020-11-03 19:50:45",0,0,0,432,0,432
"2020-11-03 22:59:26",0,0,0,425,0,213
"2020-11-04 02:08:06",0,0,0,425,0,212
"2020-11-04 05:16:54",0,433,0,216,0,649
"2020-11-04 08:25:46",0,215,0,0,0,215
"2020-11-04 11:34:38",0,0,0,217,0,0
"2020-11-04 15:09:01",0,220,0,0,0,439
"2020-11-04 18:17:53",0,216,0,0,0,432
"2020-11-04 21:26:34",0,221,0,0,0,442
"2020-11-05 00:35:14",0,213,0,213,0,638
"2020-11-05 03:43:55",0,0,216,649,0,1082
"2020-11-05 06:52:35",0,0,0,214,0,427
"2020-11-05 10:26:43",0,0,0,0,0,210
"2020-11-05 13:35:24",0,0,0,642,0,642
"2020-11-05 16:44:05",0,0,0,225,0,450
"2020-11-05 19:52:46",0,0,0,0,0,220
"2020-11-05 23:01:27",0,0,0,435,0,218
"2020-11-06 02:10:07",0,432,0,432,0,432
"2020-11-06 05:44:11",220,660,0,220,0,660
"2020-11-06 08:52:52",0,213,0,213,0,426
"2020-11-06 12:01:32",213,426,0,0,0,213
"2020-11-06 15:10:13",0,428,0,0,0,0
"2020-11-06 18:18:53",0,222,0,444,0,666
"2020-11-06 21:27:34",0,217,0,434,0,217
"2020-11-07 01:01:39",0,0,0,217,0,651
"2020-11-07 04:10:20",0,217,0,217,0,868
"2020-11-07 07:19:01",0,445,0,0,0,1112
"2020-11-07 10:27:42",0,214,0,214,0,214
"2020-11-07 13:36:23",0,659,0,220,0,439
"2020-11-07 16:45:04",0,665,0,0,0,887
"2020-11-07 19:53:45",0,223,0,0,0,446
"2020-11-07 23:27:52",0,216,0,433,0,0
"2020-11-08 02:36:32",0,432,0,648,0,432
"2020-11-08 05:45:13",225,451,0,0,0,225
"2020-11-08 08:53:54",0,0,0,228,0,913
"2020-11-08 12:02:35",0,219,0,0,0,438
"2020-11-08 15:11:15",0,224,0,224,0,224
"2020-11-08 18:44:57",0,228,0,455,0,228
"2020-11-08 21:53:39",0,703,0,234,0,468
"2020-11-09 01:02:20",0,216,0,0,0,432
"2020-11-09 04:11:01",223,223,0,0,0,0
"2020-11-09 07:19:42",0,454,0,0,0,227
"2020-11-09 10:28:23",0,465,0,465,0,0
"2020-11-09 14:02:33",0,472,0,0,0,0
"2020-11-09 17:11:14",0,0,0,447,0,223
"2020-11-09 20:19:56",0,248,248,496,0,248
"2020-11-09 23:28:38",0,696,0,232,0,0
"2020-11-10 02:37:18",0,0,0,696,0,0
"2020-11-10 05:45:59",0,464,0,232,232,232
"2020-11-10 09:19:46",0,0,233,467,0,233
"2020-11-10 12:28:28",0,236,0,473,0,473
"2020-11-10 16:24:19",231,924,0,462,0,462
"2020-11-10 19:33:00",0,483,0,0,0,483
"2020-11-10 22:41:41",238,951,0,238,0,475
"2020-11-11 01:50:23",0,0,0,0,0,232
"2020-11-11 05:24:31",231,1153,0,922,0,0
"2020-11-11 08:33:12",0,459,0,459,0,459
"2020-11-11 11:41:54",0,464,0,232,0,232
"2020-11-11 14:50:36",0,0,0,468,0,0
"2020-11-11 17:59:17",0,227,0,227,0,227
"2020-11-11 21:07:58",0,1169,0,234,0,0
"2020-11-12 00:16:39",0,457,0,457,0,457
"2020-11-12 03:50:45",0,1333,0,444,0,0
"2020-11-12 06:59:26",223,446,0,0,0,223
"2020-11-12 10:08:06",0,458,229,229,0,0
"2020-11-12 13:16:47",0,227,0,227,0,227
"2020-11-12 16:25:29",0,723,0,482,0,241
"2020-11-12 19:34:11",0,256,0,513,1025,256
"2020-11-12 23:22:05",236,0,0,472,0,944
"2020-11-13 02:30:46",0,0,0,457,0,228
"2020-11-13 05:39:27",0,0,0,907,0,0
"2020-11-13 08:48:07",0,454,227,227,0,0
"2020-11-13 11:56:48",0,0,0,0,0,678
"2020-11-13 15:05:29",0,454,0,0,0,227
"2020-11-13 18:39:36",0,227,0,227,0,0
"2020-11-13 21:48:16",0,443,0,221,0,0
"2020-11-14 00:56:58",223,0,0,0,0,223
"2020-11-14 04:05:38",220,0,0,220,0,220
"2020-11-14 07:14:19",0,224,0,447,0,0
"2020-11-14 10:23:00",0,0,0,0,0,0
"2020-11-14 13:31:40",0,221,0,0,0,0
"2020-11-14 17:05:48",219,0,0,437,0,219
"2020-11-14 20:14:29",0,0,0,222,0,0
"2020-11-14 23:23:10",0,220,0,220,0,220
"2020-11-15 02:31:51",0,218,0,218,0,218
"2020-11-15 05:40:32",0,0,0,0,0,217
"2020-11-15 08:49:12",0,0,0,220,0,220
"2020-11-15 12:23:20",0,439,0,219,0,219
"2020-11-15 15:32:01",0,220,0,220,0,441
"2020-11-15 18:40:42",0,230,0,0,0,0
"2020-11-15 21:49:23",225,0,0,674,0,450
"2020-11-16 00:58:03",227,454,0,0,0,454
"2020-11-16 04:06:44",0,236,236,473,0,945
"2020-11-16 07:40:31",0,711,237,237,237,948
"2020-11-16 10:49:12",226,451,226,451,0,677
"2020-11-16 13:57:52",229,0,229,229,0,687
"2020-11-16 15:55:47",0,0,0,0,0,0
"2020-11-16 21:53:36",0,472,0,708,0,236
"2020-11-17 01:02:17",231,231,0,694,0,0
"2020-11-17 04:10:58",225,0,0,0,225,225
"2020-11-17 07:44:39",0,220,0,0,0,0
"2020-11-17 10:53:20",221,0,0,0,0,0
"2020-11-17 14:02:00",0,227,0,453,0,453
"2020-11-17 17:10:41",0,224,0,0,0,0
"2020-11-17 20:19:22",0,452,0,226,0,0
"2020-11-17 23:28:02",0,0,225,450,225,0
"2020-11-18 03:02:10",0,0,0,443,0,665
"2020-11-18 06:10:51",0,0,0,890,0,1558
"2020-11-18 09:19:32",220,0,0,1102,0,0
"2020-11-18 12:28:12",0,0,0,0,0,0
"2020-11-18 15:36:53",0,446,0,0,0,446
"2020-11-18 20:19:54",223,223,0,0,223,0
"2020-11-18 23:54:02",0,0,0,448,0,0
"2020-11-19 03:02:43",0,221,0,0,0,0
"2020-11-19 07:22:10",0,0,0,889,0,0
"2020-11-19 10:30:52",0,0,0,221,0,441
"2020-11-19 13:39:33",0,447,0,224,0,0
"2020-11-19 16:48:14",0,0,224,448,0,0
"2020-11-19 20:22:22",0,0,0,672,0,672
"2020-11-19 23:31:03",0,0,0,221,0,221
"2020-11-20 02:39:44",0,0,225,450,0,0
"2020-11-20 05:48:24",0,0,0,446,0,446
"2020-11-20 08:57:05",0,0,0,886,0,0
"2020-11-20 12:05:46",456,0,0,228,0,228
"2020-11-20 15:39:30",0,452,0,226,0,226
"2020-11-20 18:48:11",0,0,0,0,0,0
"2020-11-20 21:56:52",0,460,230,690,0,230
"2020-11-21 01:05:33",0,0,0,219,0,438
"2020-11-21 04:14:14",0,217,0,217,0,217
"2020-11-21 07:22:55",0,0,223,223,223,445
"2020-11-21 10:57:00",0,0,0,218,0,436
"2020-11-21 14:05:41",0,447,0,0,0,223
"2020-11-21 17:14:22",226,226,0,452,0,678
"2020-11-21 20:23:03",0,225,0,225,0,674
"2020-11-21 23:30:43",0,0,0,219,0,0
"2020-11-22 02:39:23",0,0,0,0,0,221
"2020-11-22 06:13:28",0,0,0,0,0,222
"2020-11-22 09:22:09",0,218,0,0,0,0
"2020-11-22 12:30:51",0,0,0,0,0,463
"2020-11-22 15:39:34",0,0,0,0,0,263
"2020-11-22 18:48:15",0,0,0,268,0,268
"2020-11-22 21:56:57",0,248,0,496,0,0
"2020-11-23 01:05:39",0,740,0,493,0,247
"2020-11-23 04:39:44",0,964,0,723,0,241
"2020-11-23 07:48:25",0,0,0,486,0,243
"2020-11-23 10:57:07",0,0,0,721,0,481
"2020-11-23 14:05:48",0,235,0,471,0,235
"2020-11-23 17:14:29",254,0,0,1015,0,0
"2020-11-23 20:23:10",478,0,0,0,0,0
"2020-11-23 23:57:18",0,238,0,0,0,0
"2020-11-24 03:05:59",483,242,0,483,0,0
"2020-11-24 06:14:40",233,0,0,233,0,0
"2020-11-24 09:23:22",452,226,0,452,0,0
"2020-11-24 12:32:02",0,0,0,237,0,0
"2020-11-24 15:40:45",0,0,0,245,0,245
"2020-11-24 19:14:57",0,0,0,715,0,0
"2020-11-24 22:23:38",0,490,0,490,0,0
"2020-11-25 01:32:19",233,233,0,233,0,233
"2020-11-25 04:41:01",0,0,0,0,0,0
"2020-11-25 07:49:43",0,231,0,1157,0,0
"2020-11-25 10:58:24",0,232,0,232,0,0
"2020-11-25 14:32:07",0,0,0,0,0,0
"2020-11-25 17:40:51",0,488,0,733,0,0
"2020-11-25 20:49:35",0,0,0,484,0,0
"2020-11-25 23:58:17",0,0,0,223,0,223
"2020-11-26 03:06:59",0,233,0,0,0,0
"2020-11-26 06:15:41",0,0,0,0,0,235
"2020-11-26 09:24:23",0,0,0,1129,0,678
"2020-11-26 12:58:10",0,235,0,471,0,235
"2020-11-26 16:06:52",0,242,0,0,0,0
"2020-11-26 19:15:34",0,0,0,0,0,222
"2020-11-26 22:24:16",0,246,0,246,0,0
"2020-11-27 01:32:58",0,0,0,226,0,0
"2020-11-27 04:41:40",0,456,0,0,0,0
"2020-11-27 08:15:48",0,0,0,0,0,450
"2020-11-27 11:24:30",0,0,0,224,0,0
"2020-11-27 14:33:12",0,478,0,0,0,717
"2020-11-27 18:05:30",0,240,0,240,0,0
"2020-11-27 21:14:12",0,225,0,449,0,225
"2020-11-28 00:22:54",0,0,0,236,0,0
"2020-11-28 03:57:03",0,224,0,448,0,0
"2020-11-28 07:05:45",0,0,0,224,0,0
"2020-11-28 10:14:26",0,0,0,0,0,0
"2020-11-28 13:23:08",0,227,0,0,0,227
"2020-11-28 16:31:50",0,0,0,236,0,0
"2020-11-28 19:40:32",0,0,0,228,0,0
"2020-11-28 23:14:44",0,0,0,0,0,0
"2020-11-29 02:23:26",0,228,0,1369,228,228
"2020-11-29 05:32:07",0,0,0,0,0,0
"2020-11-29 08:40:49",0,227,0,227,0,454
"2020-11-29 11:49:31",0,0,0,673,0,224
"2020-11-29 14:58:13",0,234,0,234,0,0
"2020-11-29 18:32:17",0,459,0,459,0,0
"2020-11-29 21:40:59",0,685,0,0,0,0
"2020-11-30 00:49:41",0,224,0,224,0,0
"2020-11-30 03:58:23",0,0,0,226,0,0
"2020-11-30 07:07:05",0,0,0,687,0,229
"2020-11-30 10:15:47",0,225,0,0,0,0
"2020-11-30 13:24:28",0,224,0,0,0,224
"2020-11-30 16:58:37",489,245,0,0,0,245
"2020-11-30 20:07:19",0,494,0,247,247,0
"2020-11-30 23:16:02",0,474,0,474,0,237
"2020-12-01 02:24:44",0,0,0,231,0,231
"2020-12-01 05:33:26",0,471,0,471,0,471
"2020-12-01 08:42:08",0,0,0,458,0,687
"2020-12-01 12:16:16",0,227,0,227,0,227
"2020-12-01 15:24:58",0,466,0,699,0,0
"2020-12-01 18:33:40",231,0,0,0,0,231
"2020-12-01 21:42:23",0,0,0,232,0,0
"2020-12-02 00:51:05",226,226,0,0,0,0
"2020-12-02 03:59:47",0,222,0,222,222,222
"2020-12-02 07:33:55",0,0,0,0,0,0
"2020-12-02 10:42:37",0,0,0,0,0,0
"2020-12-02 13:51:19",0,440,0,440,0,661
"2020-12-02 17:00:01",225,0,0,0,0,0
"2020-12-02 20:08:42",228,0,228,684,0,0
"2020-12-02 23:17:24",0,0,0,0,0,445
"2020-12-03 02:51:30",0,0,0,216,0,216
"2020-12-03 06:00:11",0,0,0,219,0,0
"2020-12-03 09:08:53",0,0,0,435,0,218
"2020-12-03 12:17:35",219,0,0,438,0,219
"2020-12-03 15:26:16",0,0,0,218,0,218
"2020-12-03 18:59:21",224,224,0,448,0,0
"2020-12-03 22:08:03",0,0,0,449,0,0
"2020-12-04 01:42:12",0,219,0,876,0,438
"2020-12-04 04:50:54",0,0,0,876,0,438
"2020-12-04 07:59:36",0,220,0,881,0,0
"2020-12-04 11:08:18",0,0,0,438,0,219
"2020-12-04 14:17:00",0,0,0,0,0,0
"2020-12-04 17:25:42",0,0,0,0,219,0
"2020-12-04 20:59:50",0,223,0,0,0,223
"2020-12-05 00:08:32",221,0,0,663,0,442
"2020-12-05 03:17:13",0,219,0,219,0,219
"2020-12-05 06:25:54",0,0,0,218,0,218
"2020-12-05 09:34:36",0,0,0,651,0,0
"2020-12-05 12:43:18",0,217,0,217,0,0
"2020-12-05 16:17:26",216,0,0,0,0,216
"2020-12-05 19:26:08",0,0,0,222,0,0
"2020-12-05 22:34:50",0,220,0,441,0,881
"2020-12-06 01:43:35",0,0,0,663,0,663
"2020-12-06 04:52:19",0,0,0,439,0,0
"2020-12-06 08:01:04",0,0,221,1327,0,0
"2020-12-06 11:35:10",215,0,0,430,215,430
"2020-12-06 14:43:54",0,0,0,662,0,0
"2020-12-06 17:52:38",0,217,0,0,0,0
"2020-12-06 21:01:22",0,0,0,437,0,0
"2020-12-07 00:10:07",0,0,0,866,0,217
"2020-12-07 03:18:51",0,217,0,434,217,0
"2020-12-07 06:27:35",0,0,0,648,0,0
"2020-12-07 10:01:44",0,0,0,434,0,0
"2020-12-07 13:10:27",0,0,0,0,0,0
"2020-12-07 16:19:11",0,0,0,1096,219,0
"2020-12-07 19:27:55",0,211,0,423,0,0
"2020-12-07 22:36:40",0,215,0,0,0,0
"2020-12-08 01:45:24",0,216,0,0,0,0
"2020-12-08 05:19:35",0,0,0,215,0,0
"2020-12-08 08:28:19",0,0,0,216,0,0
"2020-12-08 11:37:03",0,0,0,216,0,0
"2020-12-08 14:45:47",0,0,0,0,0,0
"2020-12-08 17:54:31",0,0,0,219,0,0
"2020-12-08 21:03:15",0,0,0,217,0,0
"2020-12-09 00:37:24",0,0,0,0,0,0
"2020-12-09 03:46:08",0,0,0,214,0,0
"2020-12-09 06:54:52",0,0,0,0,0,0
"2020-12-09 10:03:36",215,0,0,215,0,0
"2020-12-09 13:12:20",0,0,0,213,0,0
"2020-12-09 16:21:04",0,214,0,214,0,0
"2020-12-09 19:54:53",0,0,0,0,0,219
"2020-12-09 23:03:37",0,0,0,215,0,0
"2020-12-10 02:12:21",0,0,0,428,0,0
"2020-12-10 05:21:04",0,0,0,0,0,0
"2020-12-10 08:29:48",0,0,0,0,0,0
"2020-12-10 11:38:32",0,0,0,640,0,0
"2020-12-10 14:47:16",214,0,0,0,214,0
"2020-12-10 18:21:23",0,212,0,0,0,0
"2020-12-10 21:30:07",0,213,0,0,0,0
"2020-12-11 00:38:50",215,0,0,215,0,0
"2020-12-11 03:47:34",0,0,0,0,0,0
"2020-12-11 06:56:18",0,0,0,214,0,0
"2020-12-11 10:05:02",0,0,0,0,0,0
"2020-12-11 13:39:11",0,213,0,0,0,0
"2020-12-11 16:47:55",0,428,0,214,0,0
"2020-12-11 20:19:15",0,419,0,0,0,0
"2020-12-11 23:27:56",0,213,0,0,0,0
"2020-12-12 02:36:36",0,0,0,214,0,0
"2020-12-12 05:45:16",0,212,0,425,0,0
"2020-12-12 09:19:26",0,0,0,0,0,0
"2020-12-12 12:28:06",0,0,0,0,0,0
"2020-12-12 15:36:45",0,0,0,431,0,0
"2020-12-12 18:45:26",225,0,0,0,0,0
"2020-12-12 21:54:06",0,212,0,212,0,0
"2020-12-13 01:02:47",0,0,0,0,0,214
"2020-12-13 04:36:53",0,0,0,0,0,0
"2020-12-13 07:45:34",213,0,0,0,0,0
"2020-12-13 10:54:14",0,0,0,0,0,0
"2020-12-13 14:02:55",0,213,0,0,0,0
"2020-12-13 17:11:35",0,0,0,0,0,215
"2020-12-13 20:20:16",0,214,0,0,0,0
"2020-12-13 23:28:56",0,0,0,0,0,0
"2020-12-14 03:02:42",0,0,0,0,0,0
"2020-12-14 06:11:23",0,0,0,0,0,0
"2020-12-14 09:20:03",0,0,0,0,0,0
"2020-12-14 12:28:43",0,214,0,0,0,0
"2020-12-14 15:37:24",0,0,0,0,0,216
"2020-12-14 18:46:04",220,220,0,220,0,0
"2020-12-14 22:20:11",217,0,0,867,0,0
"2020-12-15 01:28:52",0,215,0,0,0,215
"2020-12-15 04:37:32",0,215,0,0,0,215
"2020-12-15 07:46:13",0,213,0,0,0,0
"2020-12-15 10:54:53",213,213,0,0,0,0
"2020-12-15 14:03:34",0,0,0,0,0,0
"2020-12-15 17:37:40",0,0,0,0,0,0
"2020-12-16 14:00:15",0,217,217,434,0,217
"2020-12-16 17:33:39",0,0,0,216,0,0
"2020-12-16 21:07:02",0,0,0,665,0,222
"2020-12-17 00:39:42",0,0,0,439,0,0
"2020-12-17 04:12:56",0,0,0,0,0,0
"2020-12-17 08:11:45",0,0,0,868,0,0
"2020-12-17 11:44:21",0,0,0,653,0,218
"2020-12-17 15:15:54",0,0,0,221,0,221
"2020-12-17 18:48:53",224,0,224,1571,0,449
"2020-12-17 22:21:55",0,454,227,1135,227,0
"2020-12-18 01:54:57",227,0,0,907,0,227
"2020-12-18 05:27:35",0,0,0,446,223,223
"2020-12-18 09:24:38",0,221,0,221,0,0
"2020-12-18 12:56:53",0,0,0,884,0,0
"2020-12-18 16:29:28",0,0,0,446,0,0
"2020-12-18 20:01:44",225,0,225,451,0,0
"2020-12-18 23:35:02",0,0,0,0,0,0
"2020-12-19 03:06:25",218,0,0,218,0,0
"2020-12-19 07:04:20",0,0,0,0,0,0
"2020-12-19 10:37:43",0,0,0,225,225,0
"2020-12-19 14:10:45",0,0,0,219,219,0
"2020-12-19 17:43:00",0,0,0,427,0,0
"2020-12-19 21:14:52",0,0,0,214,0,0
"2020-12-20 00:46:27",0,0,0,865,0,0
"2020-12-20 04:43:02",0,0,0,0,0,0
"2020-12-20 08:14:35",0,214,0,642,0,0
"2020-12-20 11:46:32",0,0,220,220,0,0
"2020-12-20 15:19:55",0,430,0,215,0,215
"2020-12-20 18:50:23",0,0,0,435,0,0
"2020-12-20 22:23:21",0,0,0,214,0,0
"2020-12-21 02:20:19",0,213,0,427,0,0
"2020-12-21 05:52:55",0,219,0,0,0,0
"2020-12-21 09:26:12",0,0,0,0,0,0
"2020-12-21 12:59:34",0,0,0,0,0,0
"2020-12-21 16:32:36",0,0,0,0,0,0
"2020-12-21 20:05:36",225,0,0,225,0,0
"2020-12-21 23:37:27",0,0,0,0,0,0
"2020-12-22 03:35:11",0,220,0,0,0,0
"2020-12-22 07:07:25",0,0,0,223,0,0
"2020-12-22 10:39:14",0,0,0,0,0,0
"2020-12-22 14:10:00",0,0,0,0,0,0
"2020-12-22 18:13:33",0,0,0,0,0,0
"2020-12-22 21:46:08",227,0,0,0,0,0
"2020-12-23 01:44:33",224,0,0,0,0,0
"2020-12-23 05:16:02",0,222,0,0,0,0
"2020-12-23 08:48:38",0,0,0,0,0,0
"2020-12-23 12:20:49",0,0,0,447,0,0
"2020-12-23 15:53:51",0,231,0,0,0,0
"2020-12-23 19:26:42",0,0,0,0,0,0
"2020-12-23 23:23:18",0,0,0,228,0,0
"2020-12-24 02:55:24",0,446,0,223,0,0
"2020-12-24 06:28:33",0,443,0,1551,0,0
"2020-12-24 09:59:12",0,0,0,449,0,0
"2020-12-24 13:31:56",0,692,0,461,0,231
"2020-12-24 17:04:50",0,234,0,934,0,234
"2020-12-24 21:03:29",0,0,0,217,0,0
"2020-12-25 00:37:05",0,0,0,223,0,0
"2020-12-25 04:10:43",0,457,0,457,0,457
"2020-12-25 07:43:58",222,222,0,222,0,667
"2020-12-25 11:17:31",0,226,0,226,0,452
"2020-12-25 14:51:08",0,454,0,227,0,681
"2020-12-25 18:24:24",0,468,0,234,234,234
"2020-12-25 22:23:08",0,226,0,226,0,677
"2020-12-26 01:55:41",223,0,0,446,0,0
"2020-12-26 05:28:55",0,231,0,231,0,231
"2020-12-26 09:02:27",0,454,0,681,0,454
"2020-12-26 12:35:38",229,0,0,229,0,229
"2020-12-26 16:08:32",0,226,0,0,0,0
"2020-12-26 20:06:00",223,0,0,446,0,0
"2020-12-26 23:39:32",0,0,0,444,222,222
"2020-12-27 03:12:00",224,0,224,448,0,0
"2020-12-27 06:45:29",0,224,0,447,0,224
"2020-12-27 10:18:53",440,220,0,660,0,0
"2020-12-27 13:49:56",0,218,0,218,0,218
"2020-12-27 17:47:16",0,0,0,453,0,226
"2020-12-27 21:20:28",0,447,0,1340,0,0
"2020-12-28 00:53:22",0,0,0,221,0,0
"2020-12-28 04:25:35",0,220,0,220,0,0
"2020-12-28 07:58:56",0,0,0,0,0,0
"2020-12-28 11:31:31",0,0,0,0,0,0
"2020-12-28 15:29:52",0,0,0,225,0,225
"2020-12-28 19:30:49",0,0,230,459,0,0
"2020-12-28 23:03:25",0,218,0,218,0,218
"2020-12-29 02:36:26",0,0,0,893,0,447
"2020-12-29 06:09:26",0,224,0,673,0,0
"2020-12-29 09:42:21",0,0,0,0,0,0
"2020-12-29 13:15:20",223,0,0,223,0,0
"2020-12-29 17:13:00",0,456,0,228,0,228
"2020-12-29 20:45:12",232,232,0,927,0,0
"2020-12-30 00:18:28",0,0,0,0,0,229
"2020-12-30 03:51:19",0,226,0,0,0,0
"2020-12-30 07:24:37",0,226,0,679,0,0
"2020-12-30 10:57:57",0,223,0,223,0,223
"2020-12-30 14:55:57",0,0,0,452,0,0
"2020-12-30 18:28:34",229,229,0,229,0,229
"2020-12-30 22:01:23",229,0,0,457,0,0
"2020-12-31 01:32:05",0,225,0,449,0,0
"2020-12-31 05:04:58",0,0,0,1138,0,0
"2020-12-31 08:37:06",451,225,0,901,0,225
"2020-12-31 12:35:53",0,0,0,223,0,446
"2020-12-31 16:07:46",0,0,0,452,226,0
"2020-12-31 19:40:44",0,0,0,461,0,0
"2020-12-31 23:13:38",232,0,232,464,0,0
"2021-01-01 02:46:56",0,0,0,225,0,0
"2021-01-01 06:20:11",0,0,0,675,0,0
"2021-01-01 10:17:25",0,0,0,225,0,225
"2021-01-01 13:50:11",223,0,0,0,0,0
"2021-01-01 17:23:03",0,0,0,0,0,0
"2021-01-01 20:56:23",0,0,0,454,0,0
"2021-01-02 00:29:17",0,0,0,0,0,227
"2021-01-02 04:02:32",0,0,0,0,0,0
"2021-01-02 08:27:45",0,222,0,443,0,0
"2021-01-02 12:00:10",222,0,0,222,0,222
"2021-01-02 15:33:12",0,234,0,0,0,0
"2021-01-02 19:06:03",232,232,0,695,0,232
"2021-01-02 22:39:33",0,0,0,0,0,0
"2021-01-03 02:13:08",0,0,0,470,0,0
"2021-01-03 05:46:41",0,229,0,687,0,0
"2021-01-03 09:45:33",0,0,0,691,0,0
"2021-01-03 13:18:32",0,0,0,230,0,0
"2021-01-03 16:51:49",230,0,0,230,0,0
"2021-01-03 20:24:49",227,227,0,681,0,0
"2021-01-03 23:57:49",0,227,0,0,0,0
"2021-01-04 03:30:48",0,229,229,229,0,0
"2021-01-04 07:29:12",0,0,0,0,0,0
"2021-01-04 11:02:12",0,0,0,0,0,0
"2021-01-04 14:35:36",232,232,0,0,0,0
"2021-01-04 18:08:51",0,0,0,0,0,0
"2021-01-04 22:44:21",0,0,0,227,0,0
"2021-01-05 02:16:56",226,0,0,0,0,0
"2021-01-05 06:14:27",686,0,0,457,0,0
"2021-01-05 09:45:53",0,0,0,229,0,0
"2021-01-05 13:18:53",0,0,0,452,226,0
"2021-01-05 16:52:14",0,0,0,226,0,0
"2021-01-05 20:25:13",227,0,0,0,0,0
"2021-01-05 23:58:14",225,0,0,0,0,0
"2021-01-06 03:57:06",0,0,0,0,0,0
"2021-01-06 07:28:50",0,0,0,450,0,0
"2021-01-06 11:00:20",0,0,0,0,0,0
"2021-01-06 14:32:53",0,0,0,0,0,0
"2021-01-06 18:03:12",0,0,0,223,0,0
"2021-01-06 21:35:22",0,0,0,226,0,0
"2021-01-07 01:07:55",0,0,0,228,0,228
"2021-01-07 05:06:37",0,229,0,229,0,229
"2021-01-07 08:38:41",222,0,0,665,0,0
"2021-01-07 12:11:33",0,0,0,902,0,226
"2021-01-07 15:43:49",0,0,0,455,0,0
"2021-01-07 19:17:09",0,0,0,224,0,0
"2021-01-07 22:50:18",0,0,0,0,0,0
"2021-01-08 02:49:07",233,0,0,233,0,0
"2021-01-08 06:22:27",0,0,0,0,0,0
"2021-01-08 09:54:08",225,0,0,450,0,0
"2021-01-08 13:26:39",0,0,0,0,0,0
"2021-01-08 16:57:50",0,0,0,230,0,0
"2021-01-08 20:31:05",0,234,0,0,0,0
"2021-01-09 00:29:04",232,0,0,465,0,0
"2021-01-09 03:59:53",483,0,0,967,0,0
"2021-01-09 07:32:12",0,237,0,237,0,0
"2021-01-09 11:04:52",233,0,0,233,0,0
"2021-01-09 14:37:53",0,0,0,0,0,0
"2021-01-09 18:11:17",0,0,0,480,0,0
"2021-01-09 22:09:41",0,0,0,480,0,0
"2021-01-10 01:42:10",0,0,0,471,0,0
"2021-01-10 05:15:07",240,0,0,0,240,240
"2021-01-10 08:48:03",227,0,0,455,0,0
"2021-01-10 12:20:36",0,233,0,233,0,0
"2021-01-10 15:53:38",0,0,0,481,0,0
"2021-01-10 19:26:17",240,0,0,240,240,0
"2021-01-10 23:24:21",234,0,234,234,0,0
"2021-01-11 02:56:33",239,239,0,239,0,0
"2021-01-11 06:29:09",0,243,0,486,0,0
"2021-01-11 10:02:07",0,0,0,0,225,225
"2021-01-11 13:34:58",0,237,0,473,0,0
"2021-01-11 17:08:18",0,0,0,735,0,0
"2021-01-11 21:30:49",233,0,0,466,0,0
"2021-01-12 01:04:06",0,0,225,225,0,225
"2021-01-12 04:37:26",238,0,0,952,238,0
"2021-01-12 08:10:27",231,0,231,463,0,0
"2021-01-12 11:43:27",447,223,0,0,223,0
"2021-01-12 15:16:42",234,0,0,703,0,0
"2021-01-12 19:15:09",0,0,237,1184,0,237
"2021-01-12 22:48:29",684,0,0,456,0,228
"2021-01-13 02:21:45",0,466,0,233,0,0
"2021-01-13 05:54:39",477,239,0,2149,0,0
"2021-01-13 09:27:35",0,0,0,1173,0,0
"2021-01-13 13:00:13",0,0,0,450,0,0
"2021-01-13 16:58:55",236,0,236,1890,0,236
"2021-01-13 20:32:18",0,729,0,972,0,0
"2021-01-14 00:05:18",0,459,0,1146,0,0
"2021-01-14 03:38:32",0,235,0,1642,0,0
"2021-01-14 07:11:29",0,240,0,480,240,240
"2021-01-14 10:43:23",0,706,0,1646,0,0
"2021-01-14 14:16:19",0,0,0,1586,0,0
"2021-01-14 18:14:04",242,0,0,727,0,0
"2021-01-14 21:47:03",0,240,0,1682,0,0
"2021-01-15 01:19:54",0,0,0,233,0,0
"2021-01-15 04:53:04",479,479,0,959,0,0
"2021-01-15 08:26:23",0,498,249,1495,0,0
"2021-01-15 11:59:41",0,0,0,1714,0,0
"2021-01-15 14:38:25",238,0,0,953,0,0
"2021-01-15 18:10:56",0,241,0,483,0,0
"2021-01-15 21:44:19",247,0,0,1236,0,0
"2021-01-16 01:17:37",240,0,0,481,0,0
"2021-01-16 04:50:30",235,0,0,471,0,235
"2021-01-16 08:22:24",0,0,0,1248,0,0
"2021-01-16 12:21:11",0,245,0,1227,0,491
"2021-01-16 15:54:25",0,0,0,474,0,0
"2021-01-16 21:14:28",0,0,0,727,484,0
"2021-01-17 00:47:28",477,0,0,1193,0,0
"2021-01-17 04:20:49",238,475,0,475,0,238
"2021-01-17 07:53:46",242,242,0,485,0,0
"2021-01-17 11:52:12",0,237,237,1423,237,0
"2021-01-17 15:25:29",228,456,0,0,0,0
"2021-01-17 18:57:47",233,0,0,931,233,0
"2021-01-17 22:28:38",0,238,238,238,0,238
"2021-01-18 02:01:15",0,235,0,706,0,0
"2021-01-18 05:34:06",0,0,231,462,231,0
"2021-01-18 09:32:55",233,698,0,931,0,0
"2021-01-18 13:06:11",0,713,238,1189,0,0
"2021-01-18 17:15:28",0,0,0,229,0,0
"2021-01-18 20:48:05",233,0,0,700,0,0
"2021-01-19 00:21:07",0,232,0,1394,0,0
"2021-01-19 03:54:06",0,0,0,457,0,0
"2021-01-19 07:27:00",0,0,0,233,0,233
"2021-01-19 11:25:28",0,0,0,472,0,0
"2021-01-19 14:58:47",0,0,235,470,0,0
"2021-01-19 18:31:47",0,0,0,703,0,234
"2021-01-19 22:02:16",235,0,0,1173,0,0
"2021-01-20 01:33:03",0,232,0,695,0,0
"2021-01-20 05:06:23",226,451,0,226,0,226
"2021-01-20 09:04:45",466,0,0,466,0,233
"2021-01-20 12:38:06",237,0,0,237,0,237
"2021-01-20 16:10:39",0,0,0,1398,0,0
"2021-01-20 19:44:01",0,236,0,1414,0,0
"2021-01-20 23:17:23",243,0,0,972,0,0
"2021-01-21 02:50:19",0,0,0,483,242,242
"2021-01-21 06:49:05",479,479,0,1676,0,0
"2021-01-21 10:22:25",243,0,0,243,0,0
"2021-01-21 13:55:07",0,0,0,1683,0,240
"2021-01-21 17:26:59",241,241,0,962,0,0
"2021-01-21 20:57:47",0,0,0,685,0,0
"2021-01-22 00:30:03",244,488,0,1709,0,244
"2021-01-22 04:28:25",715,238,238,1192,0,0
"2021-01-22 08:01:45",243,0,0,486,0,0
"2021-01-22 11:34:22",0,0,0,1970,246,246
"2021-01-22 13:47:44",245,490,0,490,245,245
"2021-01-22 17:20:42",0,477,0,1908,0,0
"2021-01-22 20:53:21",239,479,0,957,0,0
"2021-01-23 00:26:43",248,248,0,1490,0,248
"2021-01-23 04:24:44",0,0,0,1565,261,0
"2021-01-23 07:58:08",514,257,257,771,0,257
"2021-01-23 11:57:54",256,512,0,1280,256,256
"2021-01-23 15:31:17",261,0,0,1305,0,0
"2021-01-23 19:04:40",517,259,0,1293,0,259
"2021-01-23 22:38:01",259,0,0,777,259,0
"2021-01-24 02:36:52",769,0,0,1025,0,0
"2021-01-24 06:10:19",1042,781,260,781,0,0
"2021-01-24 07:30:22",516,0,0,1548,258,0
"2021-01-24 11:03:48",778,0,0,1296,0,0
"2021-01-24 14:36:51",256,0,0,2044,0,0
"2021-01-24 18:10:17",760,0,0,2280,0,0
"2021-01-24 21:43:44",510,255,0,1786,255,0
"2021-01-25 03:55:35",524,262,0,1309,0,0
"2021-01-25 07:28:41",0,0,0,1549,0,0
"2021-01-25 11:01:43",252,755,0,1258,252,0
"2021-01-25 15:01:51",1298,0,0,1298,0,0
"2021-01-25 18:33:07",256,0,0,3070,0,0
"2021-01-25 22:06:09",258,0,0,517,0,0
"2021-01-26 02:04:37",783,261,0,2349,0,0
"2021-01-26 05:37:43",1074,805,0,1074,0,0
"2021-01-26 09:11:09",264,0,0,1056,0,0
"2021-01-26 12:44:14",258,0,258,1292,0,0
"2021-01-26 15:50:59",517,258,0,1292,258,0
"2021-01-26 19:45:34",266,266,0,2397,0,266
"2021-01-26 23:43:01",250,499,0,1498,0,0
"2021-01-27 03:16:03",0,0,0,513,0,257
"2021-01-27 06:49:29",259,0,0,1035,0,0
"2021-01-27 10:22:54",0,768,0,1024,256,0
"2021-01-27 13:54:45",0,252,252,505,252,0
"2021-01-27 17:27:05",508,0,0,1017,0,0
"2021-01-27 21:23:29",1603,267,0,534,0,267
"2021-01-28 00:56:30",252,0,0,504,0,0
"2021-01-28 04:28:49",506,0,0,1011,0,0
"2021-01-28 08:02:16",0,253,0,0,0,253
"2021-01-28 11:35:39",763,763,0,763,0,0
"2021-01-28 14:41:37",748,0,0,1246,0,0
"2021-01-28 18:15:03",769,256,0,1795,0,0
"2021-01-28 22:13:13",515,515,0,0,258,0
"2021-01-29 01:46:18",0,257,257,770,0,257
"2021-01-29 05:19:44",0,206,0,0,0,0
"2021-01-29 08:53:06",0,0,0,0,0,0
"2021-01-29 12:26:36",0,0,0,0,0,0
"2021-01-29 16:52:51",0,0,0,0,0,0
"2021-01-30 03:58:36",0,0,0,0,0,0
"2021-01-30 07:31:26",0,0,0,0,0,0
"2021-01-30 11:04:17",0,0,0,0,0,0
"2021-01-30 17:42:07",0,0,0,0,0,805
"2021-01-30 21:42:02",0,0,0,0,0,0
"2021-01-31 01:14:12",0,0,0,0,0,14427
"2021-01-31 04:47:33",0,0,0,0,0,4373
"2021-01-31 08:20:25",0,333,0,0,0,35646
"2021-01-31 11:53:40",0,0,0,0,0,0
"2021-01-31 15:52:38",0,0,0,0,0,0
"2021-01-31 19:25:45",0,0,0,0,0,0
"2021-01-31 22:59:18",0,0,0,0,0,350
"2021-02-01 13:48:23",0,670,0,0,0,0
"2021-02-03 00:59:11",322,322,0,322,0,0
"2021-02-03 04:57:42",0,0,296,296,0,592
"2021-02-03 08:30:47",0,0,0,284,0,284
"2021-02-03 12:30:11",0,0,243,243,0,0
"2021-02-03 16:03:15",272,272,272,272,0,0
"2021-02-03 19:36:21",0,0,0,235,235,235
"2021-02-03 23:09:47",0,240,0,479,0,0
"2021-02-04 03:08:43",229,0,229,229,0,0
"2021-02-04 06:41:48",242,242,0,242,242,484
"2021-02-04 10:14:55",0,723,0,482,0,0
"2021-02-04 13:48:01",247,0,0,247,0,0
"2021-02-04 17:21:27",246,246,0,983,0,0
"2021-02-04 20:54:33",0,259,0,0,0,518
"2021-02-05 00:53:08",0,0,0,222,0,0
"2021-02-05 04:26:13",0,0,0,239,0,239
"2021-02-05 07:58:58",246,0,0,0,0,739
"2021-02-05 11:32:25",0,0,0,239,0,0
"2021-02-05 11:59:06",242,0,242,242,242,0
"2021-02-05 15:32:34",243,0,0,487,0,0
"2021-02-05 19:06:01",0,236,0,0,0,236
"2021-02-05 23:04:36",262,0,0,0,0,0
"2021-02-06 02:37:19",0,0,0,263,263,0
"2021-02-06 06:10:24",236,0,0,472,0,0
"2021-02-06 09:43:52",0,251,0,753,0,0
"2021-02-06 13:16:58",0,0,0,0,0,237
"2021-02-06 16:49:43",0,253,0,0,0,0
"2021-02-06 20:21:44",259,517,0,259,259,776
"2021-02-07 00:20:37",221,221,0,221,0,0
"2021-02-07 03:54:03",0,0,224,0,0,0
"2021-02-07 07:27:08",274,0,0,0,0,547
"2021-02-07 11:00:38",0,0,257,772,0,515
"2021-02-07 14:34:07",0,0,0,0,0,0
"2021-02-07 18:06:53",259,259,0,0,0,0
"2021-02-07 22:05:26",0,0,0,240,0,0
"2021-02-08 01:38:32",0,0,0,477,0,0
"2021-02-08 05:11:59",241,241,0,0,0,0
"2021-02-08 08:45:05",541,271,0,271,0,0
"2021-02-08 12:18:14",0,0,0,0,0,205
"2021-02-08 15:51:38",0,0,0,0,0,202
"2021-02-08 22:57:11",0,0,0,0,0,0
"2021-02-09 04:43:57",0,0,0,0,0,0
"2021-02-09 09:10:19",0,0,0,0,0,0
"2021-02-11 03:45:12",219,219,0,219,0,219
"2021-02-11 07:18:36",0,0,0,0,0,0
"2021-02-11 10:51:59",0,0,0,0,0,0
"2021-02-11 12:38:41",0,220,0,0,0,0
"2021-02-11 16:12:05",222,0,0,222,0,0
"2021-02-11 19:45:07",210,0,0,0,0,0
"2021-02-11 23:18:08",0,0,215,215,0,0
"2021-02-12 03:16:39",0,0,0,434,0,0
"2021-02-12 06:50:02",0,0,0,0,0,0
"2021-02-12 10:23:26",0,0,0,0,0,202
"2021-02-15 23:02:58",208,0,208,0,0,0
"2021-02-16 02:36:21",0,0,0,0,0,0
"2021-02-16 06:09:22",421,632,0,211,0,211
"2021-02-16 10:34:54",0,0,0,0,205,0
"2021-02-16 15:28:15",0,206,0,206,0,0
"2021-02-16 18:56:53",0,0,0,0,0,0
"2021-02-16 23:29:15",202,0,0,0,0,0
"2021-02-17 03:02:38",0,204,0,204,0,0
"2021-02-17 07:01:07",0,206,0,411,0,0
"2021-02-17 10:34:30",0,0,0,0,0,0
"2021-02-18 01:24:05",202,0,0,202,0,0
"2021-02-18 04:57:27",203,0,0,203,0,0
"2021-02-18 08:30:48",0,0,0,0,0,0
"2021-02-18 22:32:45",0,0,208,416,0,0
"2021-02-19 02:03:14",0,0,0,422,0,0
"2021-02-19 06:00:19",203,0,0,0,0,0
"2021-02-19 09:33:19",0,0,0,0,0,0
"2021-02-19 15:17:54",0,206,206,412,0,206
"2021-02-19 18:51:17",0,0,0,0,0,0
"2021-02-19 22:24:39",0,0,0,407,0,0
"2021-02-20 02:22:46",0,0,0,0,0,0
"2021-02-20 05:55:03",0,0,0,203,0,0
"2021-02-20 09:28:26",0,0,0,0,0,0
"2021-02-20 13:00:43",0,0,0,202,0,0
"2021-02-20 16:34:05",202,607,0,0,0,0
"2021-02-20 20:06:45",0,0,0,202,0,0
"2021-02-20 23:39:24",202,202,0,202,0,0
"2021-02-21 03:36:49",0,0,0,0,0,0
"2021-02-21 07:09:50",0,0,0,405,0,0
"2021-02-21 10:43:13",0,0,0,202,0,0
"2021-02-21 14:16:36",0,0,0,204,0,0
"2021-02-21 17:49:58",0,0,0,206,0,0
"2021-02-21 21:23:19",0,0,0,204,0,0
"2021-02-22 01:21:50",0,0,0,203,0,0
"2021-02-22 04:54:51",0,203,0,203,0,0
"2021-02-22 08:28:14",0,0,0,203,0,0
"2021-02-22 13:20:54",0,0,0,203,0,0
"2021-02-22 16:53:54",204,204,0,204,0,0
"2021-02-23 04:06:35",0,0,202,202,0,202
"2021-02-23 07:38:28",0,0,0,219,219,0
"2021-02-23 11:11:24",223,0,0,0,0,223
"2021-02-23 14:44:03",0,0,0,0,0,0
"2021-02-23 18:16:42",0,218,0,0,0,0
"2021-02-23 21:48:14",217,0,0,217,0,0
"2021-02-24 01:46:48",0,0,0,203,0,0
"2021-02-24 05:20:10",204,0,0,204,0,0
"2021-02-24 08:53:33",216,0,0,216,0,216
"2021-02-24 12:26:11",0,0,0,0,0,0
"2021-02-24 15:32:55",0,213,0,213,0,0
"2021-02-24 19:06:14",0,0,0,650,0,0
"2021-02-24 23:04:55",0,211,0,422,0,211
"2021-02-25 02:37:53",0,0,0,0,0,0
"2021-02-25 06:11:12",0,0,0,429,0,643
"2021-02-25 09:43:42",435,0,0,435,0,0
"2021-02-25 13:15:26",0,226,0,1130,0,678
"2021-02-25 15:01:45",0,218,0,218,0,0
"2021-02-25 18:34:39",0,214,0,0,0,0
"2021-02-25 22:33:02",0,0,0,0,0,221
"2021-02-26 02:05:08",0,0,0,216,0,432
"2021-02-26 05:38:09",426,0,0,639,213,0
"2021-02-26 09:11:09",215,430,0,0,0,859
"2021-02-26 12:44:08",0,218,0,436,0,218
"2021-02-26 18:29:39",0,0,0,210,0,0
"2021-02-26 22:02:11",0,216,0,216,0,216
"2021-02-27 01:35:25",0,0,0,217,0,652
"2021-02-27 05:08:03",0,0,0,213,0,0
"2021-02-27 08:40:12",0,0,0,215,0,215
"2021-02-27 12:13:29",0,0,0,217,0,435
"2021-02-27 15:46:47",216,0,0,216,0,431
"2021-02-27 19:45:28",0,0,0,206,0,206
"2021-02-27 23:18:22",0,0,0,0,0,220
"2021-02-28 02:50:10",0,0,0,231,0,1155
"2021-02-28 06:20:30",214,0,0,0,0,0
"2021-02-28 09:52:44",0,219,0,876,0,219
"2021-02-28 13:25:54",0,0,0,0,226,1353
"2021-02-28 17:23:54",0,0,0,221,0,1326
"2021-02-28 20:56:49",0,0,0,0,0,214
"2021-03-01 00:30:14",220,0,0,220,0,0
"2021-03-01 04:03:33",0,0,0,444,0,444
"2021-03-01 07:36:55",0,215,0,215,0,215
"2021-03-01 11:09:07",218,0,0,0,0,437
"2021-03-01 15:06:22",0,207,207,827,0,0
"2021-03-01 18:38:33",0,208,0,625,0,0
"2021-03-01 22:11:32",215,0,0,0,0,429
"2021-03-02 01:44:56",0,223,0,0,0,223
"2021-03-02 05:18:17",0,225,0,449,0,225
"2021-03-02 08:51:55",435,0,218,218,0,218
"2021-03-03 21:52:45",0,0,0,422,0,0
"2021-03-04 01:24:20",240,0,0,240,0,0
"2021-03-04 04:56:14",0,222,0,443,0,443
"2021-03-04 08:29:15",0,220,0,0,0,220
"2021-03-04 12:00:52",0,429,0,429,0,0
"2021-03-04 16:26:09",0,0,0,226,0,453
"2021-03-04 20:24:37",0,0,0,209,0,0
"2021-03-04 23:58:00",213,213,0,0,0,213
"2021-03-05 03:31:01",212,0,0,0,0,212
"2021-03-05 07:04:02",0,430,0,215,0,430
"2021-03-05 10:37:25",0,430,0,215,0,0
"2021-03-05 15:03:25",0,0,0,1083,0,217
"2021-03-05 19:01:34",0,0,0,0,0,0
"2021-03-05 22:34:14",216,0,0,0,0,0
"2021-03-06 02:06:54",0,0,0,436,0,0
"2021-03-06 05:39:55",228,0,0,456,0,0
"2021-03-06 09:11:30",221,0,0,442,0,221
"2021-03-06 12:43:27",0,0,0,229,0,229
"2021-03-06 16:14:40",0,226,0,452,0,226
"2021-03-06 20:12:27",0,0,0,443,0,0
"2021-03-06 23:44:02",0,0,0,235,0,0
"2021-03-07 03:14:32",0,0,0,0,0,0
"2021-03-07 06:47:12",0,0,0,0,0,0
"2021-03-07 10:20:35",0,0,0,235,0,0
"2021-03-07 13:53:59",0,0,0,229,0,0
"2021-03-07 17:52:28",0,0,0,438,0,0
"2021-03-07 21:25:30",0,235,0,235,0,0
"2021-03-08 00:58:53",0,233,0,467,0,0
"2021-03-08 04:32:16",0,0,0,0,0,236
"2021-03-08 08:05:40",0,234,0,234,0,234
"2021-03-08 11:38:42",0,0,0,0,0,233
"2021-03-08 15:36:50",0,0,0,0,0,0
"2021-03-08 19:10:13",0,0,0,442,0,0
"2021-03-08 22:43:15",0,0,0,237,0,237
"2021-03-09 02:16:16",228,228,0,0,0,0
"2021-03-09 05:48:35",0,0,0,232,0,0
"2021-03-09 09:21:55",247,0,0,247,0,0
"2021-03-09 13:20:21",0,229,0,459,0,229
"2021-03-09 16:53:42",0,0,0,221,0,221
"2021-03-09 20:27:00",0,0,0,0,0,0
"2021-03-10 00:00:15",238,0,0,475,0,0
"2021-03-10 03:33:34",0,0,0,236,0,0
"2021-03-10 07:06:56",0,0,0,0,0,0
"2021-03-10 10:40:20",0,473,0,236,0,0
"2021-03-10 11:59:07",0,0,0,465,0,0
"2021-03-10 15:32:29",0,0,0,468,0,234
"2021-03-10 19:05:52",454,0,0,0,0,681
"2021-03-10 22:39:09",0,0,0,0,0,0
"2021-03-11 02:12:27",0,0,0,248,0,0
"2021-03-11 05:45:50",0,0,0,0,0,0
"2021-03-11 09:19:10",241,0,0,482,0,241
"2021-03-11 13:30:06",248,248,0,0,0,248
"2021-03-11 17:03:26",237,0,0,474,0,0
"2021-03-11 20:36:44",0,245,0,245,0,0
"2021-03-12 00:09:42",812,271,0,812,0,271
"2021-03-12 03:43:02",0,253,0,759,0,0
"2021-03-12 07:16:23",0,0,0,499,0,499
"2021-03-12 11:14:26",0,0,0,1172,0,0
"2021-03-12 14:47:41",0,0,0,925,0,0
"2021-03-12 18:20:59",0,480,0,480,0,480
"2021-03-12 21:54:13",244,0,0,488,0,0
"2021-03-13 01:27:14",260,519,0,1038,0,0
"2021-03-13 05:00:14",0,0,0,1028,0,0
"2021-03-13 08:59:01",0,469,0,469,0,0
"2021-03-13 12:32:24",480,0,0,720,0,0
"2021-03-13 16:05:47",233,0,0,700,0,0
"2021-03-13 19:39:11",0,0,0,1149,0,230
"2021-03-13 23:12:30",0,0,0,745,0,0
"2021-03-14 02:45:29",252,252,0,252,0,0
"2021-03-14 06:44:18",237,0,0,473,0,0
"2021-03-14 10:16:55",230,0,0,460,0,0
"2021-03-14 13:49:56",0,244,0,1222,0,244
"2021-03-14 17:21:51",238,0,0,476,0,0
"2021-03-14 20:55:15",0,0,0,1194,0,0
"2021-03-15 00:28:38",484,0,0,969,0,0
"2021-03-15 04:02:02",247,247,0,1482,0,0
"2021-03-15 07:59:44",240,0,0,480,0,0
"2021-03-15 11:33:07",0,0,0,481,0,241
"2021-03-15 15:05:03",0,0,0,940,0,0
"2021-03-15 18:37:42",224,224,0,897,0,224
"2021-03-15 22:10:22",0,0,0,471,0,0
"2021-03-16 01:41:13",0,0,0,239,0,239
"2021-03-16 05:38:40",0,0,0,239,0,239
"2021-03-16 09:10:15",230,0,0,230,0,0
"2021-03-16 12:42:55",234,0,0,0,0,0
"2021-03-16 16:15:13",228,0,0,0,0,0
"2021-03-16 19:47:32",0,0,0,229,0,459
"2021-03-16 23:20:12",0,0,0,247,0,0
"2021-03-17 03:18:19",0,244,0,976,0,0
"2021-03-17 06:51:20",0,489,0,734,0,245
"2021-03-17 10:24:44",232,232,0,696,0,232
"2021-03-17 13:57:45",476,0,0,952,0,0
"2021-03-17 17:30:26",0,0,0,0,0,0
"2021-03-17 21:03:49",0,475,0,713,0,0
"2021-03-18 01:05:14",0,0,0,237,0,0
"2021-03-18 04:37:53",0,0,0,232,0,232
"2021-03-18 08:10:33",0,242,0,726,0,0
"2021-03-18 11:43:35",0,235,0,469,0,0
"2021-03-18 15:16:12",0,0,0,0,0,0
"2021-03-18 19:42:30",230,230,0,230,0,0
"2021-03-18 23:41:21",0,0,0,458,0,0
"2021-03-19 03:14:43",0,0,0,478,0,0
"2021-03-19 06:48:08",0,0,0,0,0,0
"2021-03-19 10:21:10",242,0,0,242,0,0
"2021-03-19 14:20:31",0,509,254,509,0,763
"2021-03-19 17:53:54",0,240,0,480,0,480
"2021-03-19 21:51:18",0,0,0,0,0,0
"2021-03-20 01:22:53",0,0,0,733,0,0
"2021-03-20 04:55:34",0,0,0,755,0,252
"2021-03-20 08:28:11",0,463,0,231,0,0
"2021-03-20 12:01:34",226,0,0,452,0,226
"2021-03-20 15:33:50",0,0,0,446,0,223
"2021-03-20 19:06:51",253,253,0,759,0,253
"2021-03-20 23:05:15",0,238,0,0,0,0
"2021-03-21 02:38:14",0,236,0,707,0,0
"2021-03-21 06:10:25",0,0,0,483,0,0
"2021-03-21 09:43:23",0,227,0,455,0,682
"2021-03-21 13:15:38",0,0,0,0,0,216
"2021-03-21 16:48:34",0,214,0,641,0,0
"2021-03-21 20:46:59",0,211,0,633,0,422
"2021-03-22 00:19:16",0,0,0,0,0,0
"2021-03-23 01:50:54",0,0,0,463,0,0
"2021-03-23 05:23:34",0,0,238,0,0,0
"2021-03-23 08:56:36",224,0,0,224,0,0
"2021-03-23 12:29:37",0,220,0,660,0,0
"2021-03-23 15:35:08",0,213,0,213,0,213
"2021-03-23 19:08:05",0,0,0,0,0,0
"2021-03-23 22:41:25",0,0,0,243,0,0
"2021-03-24 02:13:58",0,236,0,472,0,0
"2021-03-24 05:46:38",0,0,0,467,0,233
"2021-03-24 09:19:36",0,251,0,753,0,0
"2021-03-24 12:51:45",0,0,0,0,0,0
"2021-03-24 16:24:46",0,229,0,0,0,229
"2021-03-24 22:30:20",0,0,0,724,0,241
"2021-03-25 02:02:56",0,0,0,231,0,0
"2021-03-25 05:36:19",0,0,0,0,0,0
"2021-03-25 09:09:15",0,248,0,744,0,248
"2021-03-25 12:42:11",0,0,0,0,0,0
"2021-03-25 16:39:59",0,223,0,223,0,0
"2021-03-25 20:13:22",0,0,0,228,0,0
"2021-03-25 23:46:20",0,231,0,231,0,0
"2021-03-26 03:19:19",229,229,0,229,0,0
"2021-03-26 06:52:16",0,0,0,704,0,0
"2021-03-26 10:25:36",0,0,0,737,0,0
"2021-03-26 13:57:43",0,664,0,0,0,221
"2021-03-26 17:30:25",0,0,0,222,0,0
"2021-03-26 21:03:47",233,233,0,930,0,465
"2021-03-27 00:35:43",245,245,0,735,0,490
"2021-03-27 04:08:23",0,247,0,0,0,494
"2021-03-27 07:40:59",0,0,0,0,0,479
"2021-03-27 11:39:23",0,0,0,0,0,974
"2021-03-27 15:12:12",0,0,0,235,0,939
"2021-03-27 18:44:27",0,0,0,0,0,217
"2021-03-27 22:17:49",0,237,0,237,0,0
"2021-03-28 01:50:46",0,0,0,230,0,460
"2021-03-28 05:24:09",0,224,0,0,0,0
"2021-03-28 09:22:31",0,218,0,0,0,0
"2021-03-28 12:55:02",0,450,0,1351,0,1351
"2021-03-28 16:28:22",0,225,0,0,0,900
"2021-03-28 20:01:16",0,0,0,229,0,229
"2021-03-28 23:33:49",0,233,0,699,0,1165
"2021-03-29 03:06:50",0,456,0,228,0,683
"2021-03-29 06:40:07",0,0,0,221,0,1985
"2021-03-29 10:38:32",0,0,0,222,0,887
"2021-03-29 14:11:52",232,0,0,0,0,2552
"2021-03-29 16:51:48",0,0,0,223,0,892
"2021-03-29 20:25:08",0,218,0,218,0,218
"2021-03-29 23:58:04",0,0,0,230,0,459
"2021-03-30 03:31:05",0,0,0,0,0,0
"2021-03-30 07:29:31",0,217,0,217,0,0
"2021-03-30 11:02:49",0,221,0,442,0,442
"2021-03-30 14:35:45",0,227,0,0,0,682
"2021-03-30 18:09:02",0,0,0,0,0,655
"2021-03-30 21:42:00",0,225,0,0,0,225
"2021-03-31 01:14:58",227,680,0,0,0,227
"2021-03-31 05:12:45",0,223,0,223,0,223
"2021-03-31 08:45:46",0,216,0,862,0,431
"2021-03-31 12:19:03",0,0,0,656,0,1750
"2021-03-31 16:17:05",0,468,0,468,0,1872
"2021-03-31 19:50:04",224,0,0,0,0,448
"2021-03-31 23:22:37",0,0,0,0,223,446
"2021-04-01 02:55:59",0,453,0,227,0,453
"2021-04-01 06:54:05",0,0,0,664,0,442
"2021-04-01 10:26:23",0,0,0,214,0,642
"2021-04-01 13:59:21",0,0,0,0,0,2252
"2021-04-01 16:39:20",0,0,0,0,0,451
"2021-04-01 20:12:43",0,0,0,0,0,0
"2021-04-01 23:46:12",0,226,0,226,0,0
"2021-04-02 03:45:02",0,223,0,0,0,668
"2021-04-02 07:18:21",0,0,224,224,0,448
"2021-04-02 10:50:57",0,0,0,0,0,875
"2021-04-02 14:24:20",0,0,0,0,0,652
"2021-04-02 17:57:18",218,0,0,218,0,218
"2021-04-02 21:30:32",0,0,0,0,0,222
"2021-04-03 01:29:23",0,0,0,215,0,215
"2021-04-03 05:02:26",0,0,0,225,0,0
"2021-04-03 08:35:50",0,224,0,0,0,448
"2021-04-03 12:09:10",0,213,0,213,0,0
"2021-04-03 15:42:33",0,214,0,214,0,427
"2021-04-03 19:15:34",0,0,0,447,0,447
"2021-04-03 22:48:14",0,0,0,429,0,215
"2021-04-04 02:47:00",0,0,0,0,215,215
"2021-04-04 06:20:22",0,218,0,0,218,0
"2021-04-04 09:53:38",0,220,0,439,0,659
"2021-04-04 13:26:14",0,213,0,0,0,852
"2021-04-04 16:59:12",0,634,0,845,0,1056
"2021-04-04 20:32:08",0,220,0,660,0,440
"2021-04-05 00:30:56",0,212,0,637,0,0
"2021-04-05 04:04:11",0,0,0,212,0,0
"2021-04-05 07:37:27",219,0,0,219,0,219
"2021-04-05 11:10:42",0,429,0,0,0,215
"2021-04-05 14:43:35",0,432,0,0,0,1513
"2021-04-05 18:16:36",0,0,0,214,214,428
"2021-04-05 22:15:25",0,212,0,0,0,0
"2021-04-06 01:48:25",0,0,0,211,0,422
"2021-04-06 05:21:44",215,431,0,431,0,215
"2021-04-06 11:34:43",0,0,0,0,0,433
"2021-04-06 15:07:37",0,214,0,428,0,0
"2021-04-06 18:40:51",0,0,0,425,0,0
"2021-04-06 22:38:35",213,0,0,0,0,213
"2021-04-07 02:11:50",0,214,0,0,214,429
"2021-04-07 05:44:51",0,0,0,213,0,0
"2021-04-07 09:17:52",215,858,0,215,215,0
"2021-04-07 12:50:53",212,0,0,212,0,0
"2021-04-07 17:43:52",0,206,0,206,0,206
"2021-04-07 21:42:00",214,0,0,214,214,214
"2021-04-07 23:54:38",210,0,0,210,0,0
"2021-04-08 03:28:00",0,0,0,210,210,210
"2021-04-08 07:01:00",0,208,0,208,0,0
"2021-04-08 10:34:23",0,637,0,0,0,849
"2021-04-08 14:07:45",0,0,0,420,0,210
"2021-04-08 18:06:36",0,0,0,0,0,206
"2021-04-08 21:39:58",0,430,0,215,0,0
"2021-04-09 01:13:21",0,0,0,419,0,210
"2021-04-09 04:46:43",0,0,0,416,0,0
"2021-04-09 08:20:05",0,0,0,0,0,0
"2021-04-09 11:52:44",214,214,214,0,0,0
"2021-04-09 15:50:27",0,206,0,0,0,0
"2021-04-09 19:23:49",0,0,0,207,207,0
"2021-04-09 22:57:12",0,223,0,223,0,0
"2021-04-10 02:30:15",0,0,0,0,0,0
"2021-04-10 06:02:33",208,208,0,208,0,0
"2021-04-10 09:35:34",0,417,0,417,0,0
"2021-04-10 13:08:53",0,213,0,0,213,0
"2021-04-10 17:07:23",0,0,0,833,0,625
"2021-04-10 20:40:45",209,0,0,209,0,0
"2021-04-11 00:14:07",0,215,0,0,0,0
"2021-04-11 04:13:06",0,0,0,0,0,0
"2021-04-11 07:45:45",0,209,0,209,209,209
"2021-04-11 11:18:46",212,0,0,212,0,212
"2021-04-11 15:16:02",0,0,0,418,0,209
"2021-04-11 18:49:20",1043,209,0,209,209,0
"2021-04-11 22:22:15",635,0,0,212,0,212
"2021-04-12 01:55:32",209,0,0,419,209,0
"2021-04-12 05:28:46",0,0,0,0,0,0
"2021-04-12 09:01:41",209,0,0,0,0,209
"2021-04-12 22:47:04",0,211,0,0,0,211
"2021-04-13 02:19:21",0,0,0,210,0,419
"2021-04-13 05:52:22",0,210,0,0,0,210
"2021-04-13 08:58:59",208,0,0,0,0,0
"2021-04-13 18:42:38",211,0,0,0,0,422
"2021-04-13 21:51:18",0,0,0,0,0,419
"2021-04-14 00:59:59",0,0,0,217,0,0
"2021-04-14 04:08:39",209,0,0,418,0,209
"2021-04-14 07:17:19",0,0,0,0,0,0
"2021-04-14 10:26:00",0,207,0,622,0,0
"2021-04-14 14:23:45",0,210,0,0,0,0
"2021-06-21 23:44:29",230,0,0,460,0,0
"2021-06-22 02:53:41",0,0,0,0,0,0
"2021-06-22 06:02:52",226,0,0,226,0,0
"2021-06-22 09:12:05",0,0,0,667,0,222
"2021-06-22 12:21:16",0,0,0,688,0,0
"2021-06-22 15:30:27",0,225,0,451,0,451
"2021-06-22 19:29:38",236,0,0,707,0,236
"2021-06-22 22:38:51",0,0,0,455,0,455
"2021-06-23 01:48:03",0,0,245,735,0,0
"2021-06-23 04:57:16",0,0,0,739,0,246
"2021-06-23 08:06:29",238,238,0,714,0,0
"2021-06-23 11:15:42",228,0,0,0,0,1365
"2021-07-15 13:07:00",0,336,0,2350,0,1343
"2021-07-15 16:15:44",0,0,0,1259,0,2832
"2021-07-15 19:24:28",0,313,0,1878,0,3757
"2021-07-19 13:52:28",368,1103,0,1471,0,7723
"2021-07-19 17:01:12",319,0,0,319,0,7019
"2021-07-19 20:09:55",0,667,0,1000,0,9002
"2021-07-19 23:44:13",825,825,0,825,0,5361
"2021-07-20 02:52:59",901,0,0,1803,0,18928
"2021-07-20 06:01:45",420,840,0,2939,0,18055
"2021-07-20 09:10:29",0,1836,0,2571,0,8448
"2021-07-20 12:19:15",0,520,0,2081,0,13009
"2021-07-20 15:28:02",0,1102,0,2203,0,19277
"2021-07-20 18:36:49",470,0,0,939,939,14092
"2021-08-26 03:27:29",0,551,0,827,276,0
"2021-08-26 06:36:12",0,0,0,581,0,581
"2021-08-26 09:44:53",0,0,0,592,0,888
"2021-08-26 13:19:10",0,0,0,650,325,0
"2021-08-26 16:27:51",0,277,0,0,0,2215
"2021-08-26 19:36:35",427,0,0,854,0,854
"2021-08-26 22:45:18",0,344,0,1376,0,0
"2021-08-27 01:54:01",0,265,0,0,0,794
"2021-08-27 05:02:44",297,0,0,297,0,1783
"2021-08-27 08:36:39",0,0,0,0,0,508
"2021-08-27 11:45:21",0,286,0,286,0,1146
"2021-08-27 14:54:03",0,0,0,759,253,1770
"2021-09-09 17:32:18",0,0,0,268,0,2142
"2021-09-09 20:41:01",307,0,0,307,0,5529
"2021-09-09 23:49:43",0,0,0,271,0,1083
"2021-09-10 02:58:25",0,0,0,0,0,256
"2021-09-10 06:07:07",268,0,0,0,0,268
"2021-09-10 09:15:48",265,0,0,265,0,265
"2021-09-10 12:50:02",0,267,0,0,0,802
"2021-09-10 15:58:42",0,0,0,0,0,494
"2021-09-10 19:07:23",0,0,0,0,0,1487
"2021-09-10 22:16:07",0,388,0,777,0,1553
"2021-09-11 01:24:50",0,297,0,297,297,1484
"2021-09-11 04:33:32",0,0,0,0,0,780
"2021-09-11 07:42:14",0,302,0,605,0,2116
"2021-11-17 10:09:58",0,0,0,0,0,0
"2021-11-17 13:45:00",0,0,0,0,0,0
"2021-11-17 16:54:14",0,0,0,0,0,0
"2021-11-17 20:03:25",0,0,0,0,0,0
"2021-11-17 23:12:36",0,0,0,0,0,0
"2021-11-18 02:21:49",0,0,0,0,0,0
"2021-11-18 05:31:01",0,0,0,0,0,0
"2021-11-18 09:06:02",0,0,0,0,0,0
"2021-11-18 12:15:14",0,0,0,0,0,0
"2021-11-18 15:24:27",0,0,0,0,0,0
"2021-11-18 18:33:39",0,0,0,0,0,0
"2021-11-19 16:09:10",0,0,0,0,0,0
"2021-11-19 19:18:18",0,0,0,0,0,861